Horodatage,Essai_ID,X_Voulu,Y_Voulu,Theta1_Voulu,Theta4_Voulu,X_Encodeur,Y_Encodeur,Theta1_Encodeur,Theta4_Encodeur
2026-03-16 10:12:18,101218,0.0,0.4,141.77,50.8,0.04,0.4052,135.0,45.0
2026-03-16 10:12:18,101218,0.005000000000000001,0.4,141.05,49.96,0.0324,0.4009,136.8,45.6
2026-03-16 10:12:18,101218,0.010000000000000002,0.4,140.31,49.12,0.0148,0.4065,138.6,49.2
2026-03-16 10:12:18,101218,0.015,0.4,139.57,48.29,0.0133,0.4002,139.8,48.6
2026-03-16 10:12:18,101218,0.020000000000000004,0.4,138.83,47.47,0.0133,0.4002,139.8,48.6
2026-03-16 10:12:18,101218,0.025,0.4,138.07,46.66,0.0191,0.3984,139.2,47.4
2026-03-16 10:12:19,101218,0.03,0.4,137.3,45.85,0.0247,0.4007,138.0,46.8
2026-03-16 10:12:19,101218,0.034999999999999996,0.4,136.53,45.05,0.0247,0.4007,138.0,46.8
2026-03-16 10:12:19,101218,0.04000000000000001,0.4,135.74,44.26,0.0324,0.4009,136.8,45.6
2026-03-16 10:12:19,101218,0.045000000000000005,0.4,134.95,43.47,0.0362,0.401,136.2,45.0
2026-03-16 10:12:19,101218,0.05,0.4,134.15,42.7,0.04,0.401,135.6,44.4
2026-03-16 10:12:19,101218,0.05500000000000001,0.4,133.34,41.93,0.0457,0.3989,135.0,43.2
2026-03-16 10:12:19,101218,0.06,0.4,132.53,41.17,0.0476,0.4009,134.4,43.2
2026-03-16 10:12:19,101218,0.065,0.4,131.71,40.43,0.0533,0.3987,133.8,42.0
2026-03-16 10:12:19,101218,0.06999999999999999,0.4,130.88,39.69,0.0591,0.4006,132.6,41.4
2026-03-16 10:12:19,101218,0.07500000000000001,0.4,130.04,38.95,0.0649,0.4024,131.4,40.8
2026-03-16 10:12:19,101218,0.08000000000000002,0.4,129.2,38.23,0.0705,0.3999,130.8,39.6
2026-03-16 10:12:20,101218,0.085,0.4,128.36,37.52,0.0743,0.3997,130.2,39.0
2026-03-16 10:12:20,101218,0.09000000000000001,0.4,127.5,36.82,0.0781,0.3994,129.6,38.4
2026-03-16 10:12:20,101218,0.095,0.4,126.64,36.13,0.0841,0.4009,128.4,37.8
2026-03-16 10:12:20,101218,0.1,0.4,125.78,35.45,0.09,0.4024,127.2,37.2
2026-03-16 10:12:20,101218,0.1,0.395,126.38,34.63,0.0955,0.3996,126.6,36.0
2026-03-16 10:12:20,101218,0.1,0.39,126.97,33.82,0.0971,0.3973,126.6,35.4
2026-03-16 10:12:20,101218,0.1,0.385,127.56,33.0,0.0987,0.395,126.6,34.8
2026-03-16 10:12:20,101218,0.1,0.38,128.13,32.2,0.1003,0.3927,126.6,34.2
2026-03-16 10:12:20,101218,0.1,0.375,128.69,31.39,0.1019,0.3903,126.6,33.6
2026-03-16 10:12:20,101218,0.1,0.37,129.24,30.59,0.1013,0.3861,127.2,33.0
2026-03-16 10:12:20,101218,0.1,0.365,129.79,29.79,0.1028,0.3837,127.2,32.4
2026-03-16 10:12:21,101218,0.1,0.36,130.32,28.99,0.1022,0.3794,127.8,31.8
2026-03-16 10:12:21,101218,0.1,0.355,130.85,28.2,0.1015,0.3751,128.4,31.2
2026-03-16 10:12:21,101218,0.1,0.35,131.36,27.4,0.1002,0.3665,129.6,30.0
2026-03-16 10:12:21,101218,0.1,0.345,131.87,26.61,0.1016,0.364,129.6,29.4
2026-03-16 10:12:21,101218,0.1,0.34,132.36,25.82,0.1009,0.3596,130.2,28.8
2026-03-16 10:12:21,101218,0.1,0.33499999999999996,132.85,25.02,0.1002,0.3552,130.8,28.2
2026-03-16 10:12:21,101218,0.1,0.33,133.33,24.23,0.1028,0.3502,130.8,27.0
2026-03-16 10:12:21,101218,0.1,0.325,133.8,23.43,0.1,0.3437,132.0,26.4
2026-03-16 10:12:21,101218,0.1,0.32,134.26,22.64,0.1013,0.3412,132.0,25.8
2026-03-16 10:12:21,101218,0.1,0.315,134.71,21.84,0.1005,0.3366,132.6,25.2
2026-03-16 10:12:22,101218,0.1,0.31,135.15,21.04,0.1029,0.3315,132.6,24.0
2026-03-16 10:12:22,101218,0.1,0.305,135.58,20.24,0.1032,0.3244,133.2,22.8
2026-03-16 10:12:22,101218,0.1,0.3,136.01,19.43,0.1012,0.3223,133.8,22.8
2026-03-16 10:12:22,101218,0.09,0.3,138.19,21.26,0.1014,0.3151,134.4,21.6
2026-03-16 10:12:22,101218,0.08,0.3,140.36,23.14,0.0975,0.3108,135.6,21.6
2026-03-16 10:12:22,101218,0.07,0.3,142.52,25.08,0.0907,0.3069,137.4,22.2
2026-03-16 10:12:22,101218,0.06,0.3,144.66,27.06,0.0788,0.3083,139.8,24.6
2026-03-16 10:12:22,101218,0.05,0.3,146.78,29.08,0.0677,0.302,142.8,25.8
2026-03-16 10:12:22,101218,0.04000000000000001,0.3,148.86,31.14,0.0606,0.3049,144.0,27.6
2026-03-16 10:12:22,101218,0.030000000000000013,0.3,150.92,33.22,0.0518,0.3052,145.8,29.4
2026-03-16 10:12:22,101218,0.01999999999999999,0.3,152.94,35.34,0.0429,0.3054,147.6,31.2
2026-03-16 10:12:23,101218,0.009999999999999995,0.3,154.92,37.48,0.0296,0.3077,150.0,34.2
2026-03-16 10:12:23,101218,0.0,0.3,156.86,39.64,0.0148,0.307,153.0,37.2
2026-03-16 10:12:23,101218,-0.010000000000000009,0.3,158.74,41.81,0.0106,0.3043,154.2,37.8
2026-03-16 10:12:23,101218,-0.01999999999999999,0.3,160.57,43.99,0.0018,0.3035,156.0,39.6
2026-03-16 10:12:23,101218,-0.03,0.3,162.34,46.19,-0.007,0.3025,157.8,41.4
2026-03-16 10:12:23,101218,-0.03999999999999998,0.3,164.05,48.38,-0.0177,0.3035,159.6,43.8
2026-03-16 10:12:23,101218,-0.05000000000000002,0.3,165.7,50.58,-0.0315,0.3036,162.0,46.8
2026-03-16 10:12:23,101218,-0.060000000000000026,0.3,167.28,52.78,-0.0395,0.3045,163.2,48.6
2026-03-16 10:12:23,101218,-0.07,0.3,168.79,54.98,-0.0454,0.3032,164.4,49.8
2026-03-16 10:12:23,101218,-0.08000000000000002,0.3,170.23,57.17,-0.0565,0.303,166.2,52.2
2026-03-16 10:12:23,101218,-0.09,0.3,171.59,59.35,-0.0647,0.3032,167.4,54.0
2026-03-16 10:12:24,101218,-0.1,0.3,172.88,61.53,-0.0812,0.3031,169.8,57.6
2026-03-16 10:12:24,101218,-0.1,0.305,171.89,61.76,-0.089,0.3054,170.4,59.4
2026-03-16 10:12:24,101218,-0.1,0.31,170.91,62.0,-0.0896,0.3028,171.0,59.4
2026-03-16 10:12:24,101218,-0.1,0.315,169.93,62.26,-0.089,0.3054,170.4,59.4
2026-03-16 10:12:24,101218,-0.1,0.32,168.97,62.53,-0.09,0.3124,169.2,60.0
2026-03-16 10:12:24,101218,-0.1,0.325,168.0,62.81,-0.0886,0.3177,168.0,60.0
2026-03-16 10:12:24,101218,-0.1,0.33,167.05,63.11,-0.0903,0.322,167.4,60.6
2026-03-16 10:12:24,101218,-0.1,0.335,166.09,63.42,-0.0895,0.3247,166.8,60.6
2026-03-16 10:12:24,101218,-0.1,0.34,165.14,63.75,-0.0911,0.3289,166.2,61.2
2026-03-16 10:12:24,101218,-0.1,0.34500000000000003,164.19,64.09,-0.0894,0.3342,165.0,61.2
2026-03-16 10:12:25,101218,-0.1,0.35,163.25,64.44,-0.0901,0.341,163.8,61.8
2026-03-16 10:12:25,101218,-0.1,0.355,162.31,64.81,-0.0916,0.3452,163.2,62.4
2026-03-16 10:12:25,101218,-0.1,0.36,161.37,65.19,-0.0906,0.3478,162.6,62.4
2026-03-16 10:12:25,101218,-0.1,0.365,160.43,65.59,-0.0911,0.3546,161.4,63.0
2026-03-16 10:12:25,101218,-0.1,0.37,159.49,65.99,-0.0901,0.3572,160.8,63.0
2026-03-16 10:12:25,101218,-0.1,0.375,158.55,66.42,-0.0904,0.3638,159.6,63.6
2026-03-16 10:12:25,101218,-0.1,0.38,157.62,66.85,-0.0917,0.3679,159.0,64.2
2026-03-16 10:12:25,101218,-0.1,0.385,156.68,67.3,-0.0906,0.3705,158.4,64.2
2026-03-16 10:12:25,101218,-0.1,0.39,155.74,67.77,-0.0907,0.377,157.2,64.8
2026-03-16 10:12:25,101218,-0.1,0.395,154.79,68.25,-0.092,0.381,156.6,65.4
2026-03-16 10:12:25,101218,-0.1,0.4,153.85,68.75,-0.092,0.3874,155.4,66.0
2026-03-16 10:12:26,101218,-0.095,0.4,153.36,67.81,-0.0907,0.39,154.8,66.0
2026-03-16 10:12:26,101218,-0.09,0.4,152.86,66.87,-0.0919,0.3938,154.2,66.6
2026-03-16 10:12:26,101218,-0.085,0.4,152.35,65.94,-0.0905,0.3963,153.6,66.6
2026-03-16 10:12:26,101218,-0.08,0.4,151.82,65.01,-0.0867,0.3975,153.0,66.0
2026-03-16 10:12:26,101218,-0.07500000000000001,0.4,151.28,64.09,-0.0854,0.3999,152.4,66.0
2026-03-16 10:12:26,101218,-0.07,0.4,150.73,63.17,-0.0791,0.3996,151.8,64.8
2026-03-16 10:12:26,101218,-0.065,0.4,150.17,62.25,-0.0753,0.4006,151.2,64.2
2026-03-16 10:12:26,101218,-0.06,0.4,149.59,61.34,-0.069,0.4001,150.6,63.0
2026-03-16 10:12:26,101218,-0.055,0.4,149.0,60.43,-0.0628,0.3995,150.0,61.8
2026-03-16 10:12:26,101218,-0.05,0.4,148.4,59.53,-0.0604,0.398,150.0,61.2
2026-03-16 10:12:26,101218,-0.045,0.4,147.79,58.63,-0.0552,0.4013,148.8,60.6
2026-03-16 10:12:27,101218,-0.04000000000000001,0.4,147.16,57.74,-0.0513,0.4021,148.2,60.0
2026-03-16 10:12:27,101218,-0.035,0.4,146.53,56.85,-0.0452,0.4012,147.6,58.8
2026-03-16 10:12:27,101218,-0.030000000000000013,0.4,145.88,55.97,-0.039,0.4002,147.0,57.6
2026-03-16 10:12:27,101218,-0.024999999999999994,0.4,145.22,55.1,-0.0352,0.4009,146.4,57.0
2026-03-16 10:12:27,101218,-0.01999999999999999,0.4,144.55,54.22,-0.0314,0.4015,145.8,56.4
2026-03-16 10:12:27,101218,-0.015,0.4,143.87,53.36,-0.0253,0.4004,145.2,55.2
2026-03-16 10:12:27,101218,-0.009999999999999995,0.4,143.18,52.5,-0.0199,0.4032,144.0,54.6
2026-03-16 10:12:27,101218,-0.0050000000000000044,0.4,142.48,51.64,-0.0139,0.4019,143.4,53.4
2026-03-16 10:12:33,101233,0.0,0.4,141.77,50.8,-0.0057,0.3986,142.8,51.6
2026-03-16 10:12:34,101233,0.005000000000000001,0.4,141.05,49.96,-0.0041,0.4009,142.2,51.6
2026-03-16 10:12:34,101233,0.010000000000000002,0.4,140.31,49.12,-0.0002,0.4013,141.6,51.0
2026-03-16 10:12:34,101233,0.015,0.4,139.57,48.29,0.0036,0.4016,141.0,50.4
2026-03-16 10:12:34,101233,0.020000000000000004,0.4,138.83,47.47,0.0095,0.3999,140.4,49.2
2026-03-16 10:12:34,101233,0.025,0.4,138.07,46.66,0.0133,0.4002,139.8,48.6
2026-03-16 10:12:34,101233,0.03,0.4,137.3,45.85,0.0209,0.4006,138.6,47.4
2026-03-16 10:12:34,101233,0.034999999999999996,0.4,136.53,45.05,0.0266,0.4029,137.4,46.8
2026-03-16 10:12:34,101233,0.04000000000000001,0.4,135.74,44.26,0.0285,0.4008,137.4,46.2
2026-03-16 10:12:34,101233,0.045000000000000005,0.4,134.95,43.47,0.0324,0.4009,136.8,45.6
2026-03-16 10:12:34,101233,0.05,0.4,134.15,42.7,0.04,0.401,135.6,44.4
2026-03-16 10:12:34,101233,0.05500000000000001,0.4,133.34,41.93,0.0438,0.401,135.0,43.8
2026-03-16 10:12:35,101233,0.06,0.4,132.53,41.17,0.0515,0.4008,133.8,42.6
2026-03-16 10:12:35,101233,0.065,0.4,131.71,40.43,0.0553,0.4007,133.2,42.0
2026-03-16 10:12:35,101233,0.06999999999999999,0.4,130.88,39.69,0.0591,0.4006,132.6,41.4
2026-03-16 10:12:35,101233,0.07500000000000001,0.4,130.04,38.95,0.0629,0.4004,132.0,40.8
2026-03-16 10:12:35,101233,0.08000000000000002,0.4,129.2,38.23,0.0705,0.3999,130.8,39.6
2026-03-16 10:12:35,101233,0.085,0.4,128.36,37.52,0.0764,0.4016,129.6,39.0
2026-03-16 10:12:35,101233,0.09000000000000001,0.4,127.5,36.82,0.0781,0.3994,129.6,38.4
2026-03-16 10:12:35,101233,0.095,0.4,126.64,36.13,0.0841,0.4009,128.4,37.8
2026-03-16 10:12:35,101233,0.1,0.4,125.78,35.45,0.0879,0.4005,127.8,37.2
2026-03-16 10:12:35,101233,0.1,0.395,126.38,34.63,0.0917,0.4001,127.2,36.6
2026-03-16 10:12:35,101233,0.1,0.39,126.97,33.82,0.095,0.3955,127.2,35.4
2026-03-16 10:12:36,101233,0.1,0.385,127.56,33.0,0.0966,0.3932,127.2,34.8
2026-03-16 10:12:36,101233,0.1,0.38,128.13,32.2,0.0982,0.3908,127.2,34.2
2026-03-16 10:12:36,101233,0.1,0.375,128.69,31.39,0.0997,0.3885,127.2,33.6
2026-03-16 10:12:36,101233,0.1,0.37,129.24,30.59,0.1013,0.3861,127.2,33.0
2026-03-16 10:12:36,101233,0.1,0.365,129.79,29.79,0.1007,0.3818,127.8,32.4
2026-03-16 10:12:36,101233,0.1,0.36,130.32,28.99,0.1022,0.3794,127.8,31.8
2026-03-16 10:12:36,101233,0.1,0.355,130.85,28.2,0.1015,0.3751,128.4,31.2
2026-03-16 10:12:36,101233,0.1,0.35,131.36,27.4,0.1008,0.3708,129.0,30.6
2026-03-16 10:12:36,101233,0.1,0.345,131.87,26.61,0.1016,0.364,129.6,29.4
2026-03-16 10:12:36,101233,0.1,0.34,132.36,25.82,0.1009,0.3596,130.2,28.8
2026-03-16 10:12:37,101233,0.1,0.33499999999999996,132.85,25.02,0.1015,0.3527,130.8,27.6
2026-03-16 10:12:37,101233,0.1,0.33,133.33,24.23,0.1007,0.3482,131.4,27.0
2026-03-16 10:12:37,101233,0.1,0.325,133.8,23.43,0.102,0.3457,131.4,26.4
2026-03-16 10:12:37,101233,0.1,0.32,134.26,22.64,0.1013,0.3412,132.0,25.8
2026-03-16 10:12:37,101233,0.1,0.315,134.71,21.84,0.1017,0.3341,132.6,24.6
2026-03-16 10:12:37,101233,0.1,0.31,135.15,21.04,0.1029,0.3315,132.6,24.0
2026-03-16 10:12:37,101233,0.1,0.305,135.58,20.24,0.102,0.3269,133.2,23.4
2026-03-16 10:12:37,101233,0.1,0.3,136.01,19.43,0.1012,0.3223,133.8,22.8
2026-03-16 10:12:37,101233,0.09,0.3,138.19,21.26,0.1014,0.3151,134.4,21.6
2026-03-16 10:12:37,101233,0.08,0.3,140.36,23.14,0.0956,0.3087,136.2,21.6
2026-03-16 10:12:37,101233,0.07,0.3,142.52,25.08,0.0885,0.3121,137.4,23.4
2026-03-16 10:12:38,101233,0.06,0.3,144.66,27.06,0.0806,0.3106,139.2,24.6
2026-03-16 10:12:38,101233,0.05,0.3,146.78,29.08,0.0711,0.3066,141.6,25.8
2026-03-16 10:12:38,101233,0.04000000000000001,0.3,148.86,31.14,0.0606,0.3049,144.0,27.6
2026-03-16 10:12:38,101233,0.030000000000000013,0.3,150.92,33.22,0.0502,0.3028,146.4,29.4
2026-03-16 10:12:38,101233,0.01999999999999999,0.3,152.94,35.34,0.0385,0.3078,148.2,32.4
2026-03-16 10:12:38,101233,0.009999999999999995,0.3,154.92,37.48,0.0296,0.3077,150.0,34.2
2026-03-16 10:12:38,101233,0.0,0.3,156.86,39.64,0.0223,0.305,151.8,35.4
2026-03-16 10:12:38,101233,-0.010000000000000009,0.3,158.74,41.81,0.0106,0.3043,154.2,37.8
2026-03-16 10:12:38,101233,-0.01999999999999999,0.3,160.57,43.99,-0.0012,0.3032,156.6,40.2
2026-03-16 10:12:38,101233,-0.03,0.3,162.34,46.19,-0.0078,0.3073,157.2,42.0
2026-03-16 10:12:38,101233,-0.03999999999999998,0.3,164.05,48.38,-0.0216,0.3078,159.6,45.0
2026-03-16 10:12:39,101233,-0.05000000000000002,0.3,165.7,50.58,-0.0306,0.3062,161.4,46.8
2026-03-16 10:12:39,101233,-0.060000000000000026,0.3,167.28,52.78,-0.0374,0.3025,163.2,48.0
2026-03-16 10:12:39,101233,-0.07,0.3,168.79,54.98,-0.0463,0.3005,165.0,49.8
2026-03-16 10:12:39,101233,-0.08000000000000002,0.3,170.23,57.17,-0.0543,0.3011,166.2,51.6
2026-03-16 10:12:39,101233,-0.09,0.3,171.59,59.35,-0.0647,0.3032,167.4,54.0
2026-03-16 10:12:39,101233,-0.1,0.3,172.88,61.53,-0.0806,0.3058,169.2,57.6
2026-03-16 10:12:39,101233,-0.1,0.305,171.89,61.76,-0.0842,0.3021,170.4,58.2
2026-03-16 10:12:39,101233,-0.1,0.31,170.91,62.0,-0.0914,0.307,170.4,60.0
2026-03-16 10:12:39,101233,-0.1,0.315,169.93,62.26,-0.0914,0.307,170.4,60.0
2026-03-16 10:12:39,101233,-0.1,0.32,168.97,62.53,-0.09,0.3124,169.2,60.0
2026-03-16 10:12:40,101233,-0.1,0.325,168.0,62.81,-0.0893,0.3151,168.6,60.0
2026-03-16 10:12:40,101233,-0.1,0.33,167.05,63.11,-0.0903,0.322,167.4,60.6
2026-03-16 10:12:40,101233,-0.1,0.335,166.09,63.42,-0.0895,0.3247,166.8,60.6
2026-03-16 10:12:40,101233,-0.1,0.34,165.14,63.75,-0.0911,0.3289,166.2,61.2
2026-03-16 10:12:40,101233,-0.1,0.34500000000000003,164.19,64.09,-0.0903,0.3315,165.6,61.2
2026-03-16 10:12:40,101233,-0.1,0.35,163.25,64.44,-0.091,0.3384,164.4,61.8
2026-03-16 10:12:40,101233,-0.1,0.355,162.31,64.81,-0.0916,0.3452,163.2,62.4
2026-03-16 10:12:40,101233,-0.1,0.36,161.37,65.19,-0.0896,0.3504,162.0,62.4
2026-03-16 10:12:40,101233,-0.1,0.365,160.43,65.59,-0.0921,0.3519,162.0,63.0
2026-03-16 10:12:40,101233,-0.1,0.37,159.49,65.99,-0.0901,0.3572,160.8,63.0
2026-03-16 10:12:40,101233,-0.1,0.375,158.55,66.42,-0.0914,0.3612,160.2,63.6
2026-03-16 10:12:41,101233,-0.1,0.38,157.62,66.85,-0.0928,0.3653,159.6,64.2
2026-03-16 10:12:41,101233,-0.1,0.385,156.68,67.3,-0.0906,0.3705,158.4,64.2
2026-03-16 10:12:41,101233,-0.1,0.39,155.74,67.77,-0.0907,0.377,157.2,64.8
2026-03-16 10:12:41,101233,-0.1,0.395,154.79,68.25,-0.092,0.381,156.6,65.4
2026-03-16 10:12:41,101233,-0.1,0.4,153.85,68.75,-0.092,0.3874,155.4,66.0
2026-03-16 10:12:41,101233,-0.095,0.4,153.36,67.81,-0.0932,0.3913,154.8,66.6
2026-03-16 10:12:41,101233,-0.09,0.4,152.86,66.87,-0.0919,0.3938,154.2,66.6
2026-03-16 10:12:41,101233,-0.085,0.4,152.35,65.94,-0.0905,0.3963,153.6,66.6
2026-03-16 10:12:41,101233,-0.08,0.4,151.82,65.01,-0.0892,0.3988,153.0,66.6
2026-03-16 10:12:41,101233,-0.07500000000000001,0.4,151.28,64.09,-0.0829,0.3985,152.4,65.4
2026-03-16 10:12:41,101233,-0.07,0.4,150.73,63.17,-0.0791,0.3996,151.8,64.8
2026-03-16 10:12:42,101233,-0.065,0.4,150.17,62.25,-0.0728,0.3992,151.2,63.6
2026-03-16 10:12:42,101233,-0.06,0.4,149.59,61.34,-0.0704,0.3977,151.2,63.0
2026-03-16 10:12:42,101233,-0.055,0.4,149.0,60.43,-0.0666,0.3986,150.6,62.4
2026-03-16 10:12:42,101233,-0.05,0.4,148.4,59.53,-0.0628,0.3995,150.0,61.8
2026-03-16 10:12:42,101233,-0.045,0.4,147.79,58.63,-0.0566,0.3988,149.4,60.6
2026-03-16 10:12:42,101233,-0.04000000000000001,0.4,147.16,57.74,-0.049,0.4004,148.2,59.4
2026-03-16 10:12:42,101233,-0.035,0.4,146.53,56.85,-0.0452,0.4012,147.6,58.8
2026-03-16 10:12:42,101233,-0.030000000000000013,0.4,145.88,55.97,-0.0413,0.4019,147.0,58.2
2026-03-16 10:12:42,101233,-0.024999999999999994,0.4,145.22,55.1,-0.0368,0.3985,147.0,57.0
2026-03-16 10:12:42,101233,-0.01999999999999999,0.4,144.55,54.22,-0.0314,0.4015,145.8,56.4
2026-03-16 10:12:42,101233,-0.015,0.4,143.87,53.36,-0.0253,0.4004,145.2,55.2
2026-03-16 10:12:43,101233,-0.009999999999999995,0.4,143.18,52.5,-0.0199,0.4032,144.0,54.6
2026-03-16 10:12:43,101233,-0.0050000000000000044,0.4,142.48,51.64,-0.0177,0.4014,144.0,54.0
2026-03-16 10:12:45,101245,0.0,0.4,141.77,50.8,-0.0057,0.3986,142.8,51.6
2026-03-16 10:12:45,101245,0.005000000000000001,0.4,141.05,49.96,-0.0057,0.3986,142.8,51.6
2026-03-16 10:12:45,101245,0.010000000000000002,0.4,140.31,49.12,-0.0002,0.4013,141.6,51.0
2026-03-16 10:12:45,101245,0.015,0.4,139.57,48.29,0.0036,0.4016,141.0,50.4
2026-03-16 10:12:45,101245,0.020000000000000004,0.4,138.83,47.47,0.0112,0.4022,139.8,49.2
2026-03-16 10:12:45,101245,0.025,0.4,138.07,46.66,0.0133,0.4002,139.8,48.6
2026-03-16 10:12:45,101245,0.03,0.4,137.3,45.85,0.0171,0.4004,139.2,48.0
2026-03-16 10:12:46,101245,0.034999999999999996,0.4,136.53,45.05,0.0247,0.4007,138.0,46.8
2026-03-16 10:12:46,101245,0.04000000000000001,0.4,135.74,44.26,0.0285,0.4008,137.4,46.2
2026-03-16 10:12:46,101245,0.045000000000000005,0.4,134.95,43.47,0.0362,0.401,136.2,45.0
2026-03-16 10:12:46,101245,0.05,0.4,134.15,42.7,0.0381,0.3989,136.2,44.4
2026-03-16 10:12:46,101245,0.05500000000000001,0.4,133.34,41.93,0.0438,0.401,135.0,43.8
2026-03-16 10:12:46,101245,0.06,0.4,132.53,41.17,0.0476,0.4009,134.4,43.2
2026-03-16 10:12:46,101245,0.065,0.4,131.71,40.43,0.0553,0.4007,133.2,42.0
2026-03-16 10:12:46,101245,0.06999999999999999,0.4,130.88,39.69,0.0591,0.4006,132.6,41.4
2026-03-16 10:12:46,101245,0.07500000000000001,0.4,130.04,38.95,0.0647,0.3982,132.0,40.2
2026-03-16 10:12:46,101245,0.08000000000000002,0.4,129.2,38.23,0.0667,0.4002,131.4,40.2
2026-03-16 10:12:46,101245,0.085,0.4,128.36,37.52,0.0743,0.3997,130.2,39.0
2026-03-16 10:12:47,101245,0.09000000000000001,0.4,127.5,36.82,0.0802,0.4013,129.0,38.4
2026-03-16 10:12:47,101245,0.095,0.4,126.64,36.13,0.0819,0.399,129.0,37.8
2026-03-16 10:12:47,101245,0.1,0.4,125.78,35.45,0.0895,0.3982,127.8,36.6
2026-03-16 10:12:47,101245,0.1,0.395,126.38,34.63,0.0917,0.4001,127.2,36.6
2026-03-16 10:12:47,101245,0.1,0.39,126.97,33.82,0.0955,0.3996,126.6,36.0
2026-03-16 10:12:47,101245,0.1,0.385,127.56,33.0,0.0971,0.3973,126.6,35.4
2026-03-16 10:12:47,101245,0.1,0.38,128.13,32.2,0.0987,0.395,126.6,34.8
2026-03-16 10:12:47,101245,0.1,0.375,128.69,31.39,0.1019,0.3903,126.6,33.6
2026-03-16 10:12:47,101245,0.1,0.37,129.24,30.59,0.1013,0.3861,127.2,33.0
2026-03-16 10:12:47,101245,0.1,0.365,129.79,29.79,0.1007,0.3818,127.8,32.4
2026-03-16 10:12:47,101245,0.1,0.36,130.32,28.99,0.1,0.3776,128.4,31.8
2026-03-16 10:12:48,101245,0.1,0.355,130.85,28.2,0.1015,0.3751,128.4,31.2
2026-03-16 10:12:48,101245,0.1,0.35,131.36,27.4,0.1023,0.3684,129.0,30.0
2026-03-16 10:12:48,101245,0.1,0.345,131.87,26.61,0.1016,0.364,129.6,29.4
2026-03-16 10:12:48,101245,0.1,0.34,132.36,25.82,0.1009,0.3596,130.2,28.8
2026-03-16 10:12:48,101245,0.1,0.33499999999999996,132.85,25.02,0.1002,0.3552,130.8,28.2
2026-03-16 10:12:48,101245,0.1,0.33,133.33,24.23,0.1015,0.3527,130.8,27.6
2026-03-16 10:12:48,101245,0.1,0.325,133.8,23.43,0.102,0.3457,131.4,26.4
2026-03-16 10:12:48,101245,0.1,0.32,134.26,22.64,0.1025,0.3386,132.0,25.2
2026-03-16 10:12:48,101245,0.1,0.315,134.71,21.84,0.1005,0.3366,132.6,25.2
2026-03-16 10:12:48,101245,0.1,0.31,135.15,21.04,0.1009,0.3295,133.2,24.0
2026-03-16 10:12:49,101245,0.1,0.305,135.58,20.24,0.102,0.3269,133.2,23.4
2026-03-16 10:12:49,101245,0.1,0.3,136.01,19.43,0.1023,0.3197,133.8,22.2
2026-03-16 10:12:49,101245,0.09,0.3,138.19,21.26,0.1014,0.3151,134.4,21.6
2026-03-16 10:12:49,101245,0.08,0.3,140.36,23.14,0.0975,0.3108,135.6,21.6
2026-03-16 10:12:49,101245,0.07,0.3,142.52,25.08,0.0878,0.3073,138.0,22.8
2026-03-16 10:12:49,101245,0.06,0.3,144.66,27.06,0.0806,0.3106,139.2,24.6
2026-03-16 10:12:49,101245,0.05,0.3,146.78,29.08,0.0711,0.3066,141.6,25.8
2026-03-16 10:12:49,101245,0.04000000000000001,0.3,148.86,31.14,0.0609,0.3097,143.4,28.2
2026-03-16 10:12:49,101245,0.030000000000000013,0.3,150.92,33.22,0.0504,0.3077,145.8,30.0
2026-03-16 10:12:49,101245,0.01999999999999999,0.3,152.94,35.34,0.0371,0.3054,148.8,32.4
2026-03-16 10:12:49,101245,0.009999999999999995,0.3,154.92,37.48,0.0312,0.3053,150.0,33.6
2026-03-16 10:12:50,101245,0.0,0.3,156.86,39.64,0.0223,0.305,151.8,35.4
2026-03-16 10:12:50,101245,-0.010000000000000009,0.3,158.74,41.81,0.0106,0.3043,154.2,37.8
2026-03-16 10:12:50,101245,-0.01999999999999999,0.3,160.57,43.99,-0.0018,0.308,156.0,40.8
2026-03-16 10:12:50,101245,-0.03,0.3,162.34,46.19,-0.0118,0.3044,158.4,42.6
2026-03-16 10:12:50,101245,-0.03999999999999998,0.3,164.05,48.38,-0.0158,0.3013,159.6,43.2
2026-03-16 10:12:50,101245,-0.05000000000000002,0.3,165.7,50.58,-0.0266,0.3021,161.4,45.6
2026-03-16 10:12:50,101245,-0.060000000000000026,0.3,167.28,52.78,-0.0345,0.303,162.6,47.4
2026-03-16 10:12:50,101245,-0.07,0.3,168.79,54.98,-0.0505,0.3044,165.0,51.0
2026-03-16 10:12:50,101245,-0.08000000000000002,0.3,170.23,57.17,-0.0595,0.3022,166.8,52.8
2026-03-16 10:12:50,101245,-0.09,0.3,171.59,59.35,-0.0647,0.3032,167.4,54.0
2026-03-16 10:12:50,101245,-0.1,0.3,172.88,61.53,-0.0736,0.3006,169.2,55.8
2026-03-16 10:12:51,101245,-0.1,0.305,171.89,61.76,-0.0842,0.3021,170.4,58.2
2026-03-16 10:12:51,101245,-0.1,0.31,170.91,62.0,-0.092,0.3044,171.0,60.0
2026-03-16 10:12:51,101245,-0.1,0.315,169.93,62.26,-0.0907,0.3097,169.8,60.0
2026-03-16 10:12:51,101245,-0.1,0.32,168.97,62.53,-0.09,0.3124,169.2,60.0
2026-03-16 10:12:51,101245,-0.1,0.325,168.0,62.81,-0.0917,0.3167,168.6,60.6
2026-03-16 10:12:51,101245,-0.1,0.33,167.05,63.11,-0.0903,0.322,167.4,60.6
2026-03-16 10:12:51,101245,-0.1,0.335,166.09,63.42,-0.0919,0.3262,166.8,61.2
2026-03-16 10:12:51,101245,-0.1,0.34,165.14,63.75,-0.0903,0.3315,165.6,61.2
2026-03-16 10:12:51,101245,-0.1,0.34500000000000003,164.19,64.09,-0.0918,0.3357,165.0,61.8
2026-03-16 10:12:51,101245,-0.1,0.35,163.25,64.44,-0.091,0.3384,164.4,61.8
2026-03-16 10:12:52,101245,-0.1,0.355,162.31,64.81,-0.0891,0.3437,163.2,61.8
2026-03-16 10:12:52,101245,-0.1,0.36,161.37,65.19,-0.0906,0.3478,162.6,62.4
2026-03-16 10:12:52,101245,-0.1,0.365,160.43,65.59,-0.0911,0.3546,161.4,63.0
2026-03-16 10:12:52,101245,-0.1,0.37,159.49,65.99,-0.0935,0.356,161.4,63.6
2026-03-16 10:12:52,101245,-0.1,0.375,158.55,66.42,-0.0914,0.3612,160.2,63.6
2026-03-16 10:12:52,101245,-0.1,0.38,157.62,66.85,-0.0928,0.3653,159.6,64.2
2026-03-16 10:12:52,101245,-0.1,0.385,156.68,67.3,-0.0906,0.3705,158.4,64.2
2026-03-16 10:12:52,101245,-0.1,0.39,155.74,67.77,-0.0919,0.3745,157.8,64.8
2026-03-16 10:12:52,101245,-0.1,0.395,154.79,68.25,-0.092,0.381,156.6,65.4
2026-03-16 10:12:52,101245,-0.1,0.4,153.85,68.75,-0.0932,0.3849,156.0,66.0
2026-03-16 10:12:52,101245,-0.095,0.4,153.36,67.81,-0.0907,0.39,154.8,66.0
2026-03-16 10:12:53,101245,-0.09,0.4,152.86,66.87,-0.0919,0.3938,154.2,66.6
2026-03-16 10:12:53,101245,-0.085,0.4,152.35,65.94,-0.0905,0.3963,153.6,66.6
2026-03-16 10:12:53,101245,-0.08,0.4,151.82,65.01,-0.0881,0.395,153.6,66.0
2026-03-16 10:12:53,101245,-0.07500000000000001,0.4,151.28,64.09,-0.0829,0.3985,152.4,65.4
2026-03-16 10:12:53,101245,-0.07,0.4,150.73,63.17,-0.0791,0.3996,151.8,64.8
2026-03-16 10:12:53,101245,-0.065,0.4,150.17,62.25,-0.0753,0.4006,151.2,64.2
2026-03-16 10:12:53,101245,-0.06,0.4,149.59,61.34,-0.0704,0.3977,151.2,63.0
2026-03-16 10:12:53,101245,-0.055,0.4,149.0,60.43,-0.0666,0.3986,150.6,62.4
2026-03-16 10:12:53,101245,-0.05,0.4,148.4,59.53,-0.0604,0.398,150.0,61.2
2026-03-16 10:12:53,101245,-0.045,0.4,147.79,58.63,-0.0552,0.4013,148.8,60.6
2026-03-16 10:12:53,101245,-0.04000000000000001,0.4,147.16,57.74,-0.0513,0.4021,148.2,60.0
2026-03-16 10:12:54,101245,-0.035,0.4,146.53,56.85,-0.0467,0.3988,148.2,58.8
2026-03-16 10:12:54,101245,-0.030000000000000013,0.4,145.88,55.97,-0.0406,0.3979,147.6,57.6
2026-03-16 10:12:54,101245,-0.024999999999999994,0.4,145.22,55.1,-0.0352,0.4009,146.4,57.0
2026-03-16 10:12:54,101245,-0.01999999999999999,0.4,144.55,54.22,-0.0314,0.4015,145.8,56.4
2026-03-16 10:12:54,101245,-0.015,0.4,143.87,53.36,-0.0253,0.4004,145.2,55.2
2026-03-16 10:12:54,101245,-0.009999999999999995,0.4,143.18,52.5,-0.0215,0.4009,144.6,54.6
2026-03-16 10:12:54,101245,-0.0050000000000000044,0.4,142.48,51.64,-0.0177,0.4014,144.0,54.0
2026-03-16 10:13:11,101311,0.0,0.4,141.77,50.8,-0.0057,0.3986,142.8,51.6
2026-03-16 10:13:11,101311,0.005000000000000001,0.4,141.05,49.96,-0.0057,0.3986,142.8,51.6
2026-03-16 10:13:11,101311,0.010000000000000002,0.4,140.31,49.12,-0.0002,0.4013,141.6,51.0
2026-03-16 10:13:11,101311,0.015,0.4,139.57,48.29,0.0036,0.4016,141.0,50.4
2026-03-16 10:13:11,101311,0.020000000000000004,0.4,138.83,47.47,0.0095,0.3999,140.4,49.2
2026-03-16 10:13:11,101311,0.025,0.4,138.07,46.66,0.0153,0.3982,139.8,48.0
2026-03-16 10:13:11,101311,0.03,0.4,137.3,45.85,0.0191,0.3984,139.2,47.4
2026-03-16 10:13:11,101311,0.034999999999999996,0.4,136.53,45.05,0.0247,0.4007,138.0,46.8
2026-03-16 10:13:11,101311,0.04000000000000001,0.4,135.74,44.26,0.0285,0.4008,137.4,46.2
2026-03-16 10:13:11,101311,0.045000000000000005,0.4,134.95,43.47,0.0324,0.4009,136.8,45.6
2026-03-16 10:13:12,101311,0.05,0.4,134.15,42.7,0.0381,0.3989,136.2,44.4
2026-03-16 10:13:12,101311,0.05500000000000001,0.4,133.34,41.93,0.0438,0.401,135.0,43.8
2026-03-16 10:13:12,101311,0.06,0.4,132.53,41.17,0.0476,0.4009,134.4,43.2
2026-03-16 10:13:12,101311,0.065,0.4,131.71,40.43,0.0553,0.4007,133.2,42.0
2026-03-16 10:13:12,101311,0.06999999999999999,0.4,130.88,39.69,0.0591,0.4006,132.6,41.4
2026-03-16 10:13:12,101311,0.07500000000000001,0.4,130.04,38.95,0.0629,0.4004,132.0,40.8
2026-03-16 10:13:12,101311,0.08000000000000002,0.4,129.2,38.23,0.0685,0.398,131.4,39.6
2026-03-16 10:13:12,101311,0.085,0.4,128.36,37.52,0.0743,0.3997,130.2,39.0
2026-03-16 10:13:12,101311,0.09000000000000001,0.4,127.5,36.82,0.0781,0.3994,129.6,38.4
2026-03-16 10:13:12,101311,0.095,0.4,126.64,36.13,0.0819,0.399,129.0,37.8
2026-03-16 10:13:13,101311,0.1,0.4,125.78,35.45,0.0879,0.4005,127.8,37.2
2026-03-16 10:13:13,101311,0.1,0.395,126.38,34.63,0.0933,0.3978,127.2,36.0
2026-03-16 10:13:13,101311,0.1,0.39,126.97,33.82,0.095,0.3955,127.2,35.4
2026-03-16 10:13:13,101311,0.1,0.385,127.56,33.0,0.0966,0.3932,127.2,34.8
2026-03-16 10:13:13,101311,0.1,0.38,128.13,32.2,0.0966,0.3932,127.2,34.8
2026-03-16 10:13:13,101311,0.1,0.375,128.69,31.39,0.0997,0.3885,127.2,33.6
2026-03-16 10:13:13,101311,0.1,0.37,129.24,30.59,0.1013,0.3861,127.2,33.0
2026-03-16 10:13:13,101311,0.1,0.365,129.79,29.79,0.1022,0.3794,127.8,31.8
2026-03-16 10:13:13,101311,0.1,0.36,130.32,28.99,0.1015,0.3751,128.4,31.2
2026-03-16 10:13:13,101311,0.1,0.355,130.85,28.2,0.1015,0.3751,128.4,31.2
2026-03-16 10:13:13,101311,0.1,0.35,131.36,27.4,0.1023,0.3684,129.0,30.0
2026-03-16 10:13:14,101311,0.1,0.345,131.87,26.61,0.1016,0.364,129.6,29.4
2026-03-16 10:13:14,101311,0.1,0.34,132.36,25.82,0.1009,0.3596,130.2,28.8
2026-03-16 10:13:14,101311,0.1,0.33499999999999996,132.85,25.02,0.1015,0.3527,130.8,27.6
2026-03-16 10:13:14,101311,0.1,0.33,133.33,24.23,0.0994,0.3507,131.4,27.6
2026-03-16 10:13:14,101311,0.1,0.325,133.8,23.43,0.102,0.3457,131.4,26.4
2026-03-16 10:13:14,101311,0.1,0.32,134.26,22.64,0.1013,0.3412,132.0,25.8
2026-03-16 10:13:14,101311,0.1,0.315,134.71,21.84,0.1017,0.3341,132.6,24.6
2026-03-16 10:13:14,101311,0.1,0.31,135.15,21.04,0.1009,0.3295,133.2,24.0
2026-03-16 10:13:14,101311,0.1,0.305,135.58,20.24,0.1032,0.3244,133.2,22.8
2026-03-16 10:13:14,101311,0.1,0.3,136.01,19.43,0.1023,0.3197,133.8,22.2
2026-03-16 10:13:14,101311,0.09,0.3,138.19,21.26,0.1014,0.3151,134.4,21.6
2026-03-16 10:13:15,101311,0.08,0.3,140.36,23.14,0.0956,0.3087,136.2,21.6
2026-03-16 10:13:15,101311,0.07,0.3,142.52,25.08,0.0878,0.3073,138.0,22.8
2026-03-16 10:13:15,101311,0.06,0.3,144.66,27.06,0.0806,0.3106,139.2,24.6
2026-03-16 10:13:15,101311,0.05,0.3,146.78,29.08,0.0711,0.3066,141.6,25.8
2026-03-16 10:13:15,101311,0.04000000000000001,0.3,148.86,31.14,0.0606,0.3049,144.0,27.6
2026-03-16 10:13:15,101311,0.030000000000000013,0.3,150.92,33.22,0.0502,0.3028,146.4,29.4
2026-03-16 10:13:15,101311,0.01999999999999999,0.3,152.94,35.34,0.0385,0.303,148.8,31.8
2026-03-16 10:13:15,101311,0.009999999999999995,0.3,154.92,37.48,0.0296,0.3077,150.0,34.2
2026-03-16 10:13:15,101311,0.0,0.3,156.86,39.64,0.021,0.3025,152.4,35.4
2026-03-16 10:13:15,101311,-0.010000000000000009,0.3,158.74,41.81,0.0106,0.3043,154.2,37.8
2026-03-16 10:13:16,101311,-0.01999999999999999,0.3,160.57,43.99,0.0006,0.301,156.6,39.6
2026-03-16 10:13:16,101311,-0.03,0.3,162.34,46.19,-0.011,0.2996,159.0,42.0
2026-03-16 10:13:16,101311,-0.03999999999999998,0.3,164.05,48.38,-0.0197,0.3056,159.6,44.4
2026-03-16 10:13:16,101311,-0.05000000000000002,0.3,165.7,50.58,-0.0306,0.3062,161.4,46.8
2026-03-16 10:13:16,101311,-0.060000000000000026,0.3,167.28,52.78,-0.0354,0.3004,163.2,47.4
2026-03-16 10:13:16,101311,-0.07,0.3,168.79,54.98,-0.0463,0.3005,165.0,49.8
2026-03-16 10:13:16,101311,-0.08000000000000002,0.3,170.23,57.17,-0.0565,0.303,166.2,52.2
2026-03-16 10:13:16,101311,-0.09,0.3,171.59,59.35,-0.0706,0.3015,168.6,55.2
2026-03-16 10:13:16,101311,-0.1,0.3,172.88,61.53,-0.0782,0.3041,169.2,57.0
2026-03-16 10:13:16,101311,-0.1,0.305,171.89,61.76,-0.0842,0.3021,170.4,58.2
2026-03-16 10:13:16,101311,-0.1,0.31,170.91,62.0,-0.0914,0.307,170.4,60.0
2026-03-16 10:13:17,101311,-0.1,0.315,169.93,62.26,-0.0907,0.3097,169.8,60.0
2026-03-16 10:13:17,101311,-0.1,0.32,168.97,62.53,-0.09,0.3124,169.2,60.0
2026-03-16 10:13:17,101311,-0.1,0.325,168.0,62.81,-0.0917,0.3167,168.6,60.6
2026-03-16 10:13:17,101311,-0.1,0.33,167.05,63.11,-0.0927,0.3236,167.4,61.2
2026-03-16 10:13:17,101311,-0.1,0.335,166.09,63.42,-0.0919,0.3262,166.8,61.2
2026-03-16 10:13:17,101311,-0.1,0.34,165.14,63.75,-0.0903,0.3315,165.6,61.2
2026-03-16 10:13:17,101311,-0.1,0.34500000000000003,164.19,64.09,-0.0903,0.3315,165.6,61.2
2026-03-16 10:13:17,101311,-0.1,0.35,163.25,64.44,-0.091,0.3384,164.4,61.8
2026-03-16 10:13:17,101311,-0.1,0.355,162.31,64.81,-0.0916,0.3452,163.2,62.4
2026-03-16 10:13:17,101311,-0.1,0.36,161.37,65.19,-0.0906,0.3478,162.6,62.4
2026-03-16 10:13:17,101311,-0.1,0.365,160.43,65.59,-0.0896,0.3504,162.0,62.4
2026-03-16 10:13:18,101311,-0.1,0.37,159.49,65.99,-0.0935,0.356,161.4,63.6
2026-03-16 10:13:18,101311,-0.1,0.375,158.55,66.42,-0.0914,0.3612,160.2,63.6
2026-03-16 10:13:18,101311,-0.1,0.38,157.62,66.85,-0.0928,0.3653,159.6,64.2
2026-03-16 10:13:18,101311,-0.1,0.385,156.68,67.3,-0.0919,0.3745,157.8,64.8
2026-03-16 10:13:18,101311,-0.1,0.39,155.74,67.77,-0.0919,0.3745,157.8,64.8
2026-03-16 10:13:18,101311,-0.1,0.395,154.79,68.25,-0.092,0.381,156.6,65.4
2026-03-16 10:13:18,101311,-0.1,0.4,153.85,68.75,-0.0932,0.3849,156.0,66.0
2026-03-16 10:13:18,101311,-0.095,0.4,153.36,67.81,-0.0932,0.3913,154.8,66.6
2026-03-16 10:13:18,101311,-0.09,0.4,152.86,66.87,-0.0919,0.3938,154.2,66.6
2026-03-16 10:13:18,101311,-0.085,0.4,152.35,65.94,-0.0905,0.3963,153.6,66.6
2026-03-16 10:13:19,101311,-0.08,0.4,151.82,65.01,-0.0867,0.3975,153.0,66.0
2026-03-16 10:13:19,101311,-0.07500000000000001,0.4,151.28,64.09,-0.0854,0.3999,152.4,66.0
2026-03-16 10:13:19,101311,-0.07,0.4,150.73,63.17,-0.0791,0.3996,151.8,64.8
2026-03-16 10:13:19,101311,-0.065,0.4,150.17,62.25,-0.0753,0.4006,151.2,64.2
2026-03-16 10:13:19,101311,-0.06,0.4,149.59,61.34,-0.069,0.4001,150.6,63.0
2026-03-16 10:13:19,101311,-0.055,0.4,149.0,60.43,-0.0642,0.3971,150.6,61.8
2026-03-16 10:13:19,101311,-0.05,0.4,148.4,59.53,-0.0628,0.3995,150.0,61.8
2026-03-16 10:13:19,101311,-0.045,0.4,147.79,58.63,-0.0566,0.3988,149.4,60.6
2026-03-16 10:13:19,101311,-0.04000000000000001,0.4,147.16,57.74,-0.049,0.4004,148.2,59.4
2026-03-16 10:13:19,101311,-0.035,0.4,146.53,56.85,-0.0467,0.3988,148.2,58.8
2026-03-16 10:13:19,101311,-0.030000000000000013,0.4,145.88,55.97,-0.039,0.4002,147.0,57.6
2026-03-16 10:13:20,101311,-0.024999999999999994,0.4,145.22,55.1,-0.0368,0.3985,147.0,57.0
2026-03-16 10:13:20,101311,-0.01999999999999999,0.4,144.55,54.22,-0.0314,0.4015,145.8,56.4
2026-03-16 10:13:20,101311,-0.015,0.4,143.87,53.36,-0.0253,0.4004,145.2,55.2
2026-03-16 10:13:20,101311,-0.009999999999999995,0.4,143.18,52.5,-0.0215,0.4009,144.6,54.6
2026-03-16 10:13:20,101311,-0.0050000000000000044,0.4,142.48,51.64,-0.0155,0.3996,144.0,53.4
2026-03-16 10:13:22,101322,0.0,0.4,141.77,50.8,-0.0057,0.3986,142.8,51.6
2026-03-16 10:13:22,101322,0.005000000000000001,0.4,141.05,49.96,-0.0036,0.3967,142.8,51.0
2026-03-16 10:13:22,101322,0.010000000000000002,0.4,140.31,49.12,0.0019,0.3994,141.6,50.4
2026-03-16 10:13:22,101322,0.015,0.4,139.57,48.29,0.0057,0.3997,141.0,49.8
2026-03-16 10:13:22,101322,0.020000000000000004,0.4,138.83,47.47,0.0095,0.3999,140.4,49.2
2026-03-16 10:13:22,101322,0.025,0.4,138.07,46.66,0.0171,0.4004,139.2,48.0
2026-03-16 10:13:22,101322,0.03,0.4,137.3,45.85,0.0209,0.4006,138.6,47.4
2026-03-16 10:13:22,101322,0.034999999999999996,0.4,136.53,45.05,0.0229,0.3986,138.6,46.8
2026-03-16 10:13:23,101322,0.04000000000000001,0.4,135.74,44.26,0.0305,0.3988,137.4,45.6
2026-03-16 10:13:23,101322,0.045000000000000005,0.4,134.95,43.47,0.0343,0.3989,136.8,45.0
2026-03-16 10:13:23,101322,0.05,0.4,134.15,42.7,0.0381,0.3989,136.2,44.4
2026-03-16 10:13:23,101322,0.05500000000000001,0.4,133.34,41.93,0.0438,0.401,135.0,43.8
2026-03-16 10:13:23,101322,0.06,0.4,132.53,41.17,0.0476,0.4009,134.4,43.2
2026-03-16 10:13:23,101322,0.065,0.4,131.71,40.43,0.0553,0.4007,133.2,42.0
2026-03-16 10:13:23,101322,0.06999999999999999,0.4,130.88,39.69,0.0571,0.3986,133.2,41.4
2026-03-16 10:13:23,101322,0.07500000000000001,0.4,130.04,38.95,0.0629,0.4004,132.0,40.8
2026-03-16 10:13:23,101322,0.08000000000000002,0.4,129.2,38.23,0.0688,0.4022,130.8,40.2
2026-03-16 10:13:23,101322,0.085,0.4,128.36,37.52,0.0743,0.3997,130.2,39.0
2026-03-16 10:13:23,101322,0.09000000000000001,0.4,127.5,36.82,0.0781,0.3994,129.6,38.4
2026-03-16 10:13:24,101322,0.095,0.4,126.64,36.13,0.0819,0.399,129.0,37.8
2026-03-16 10:13:24,101322,0.1,0.4,125.78,35.45,0.0879,0.4005,127.8,37.2
2026-03-16 10:13:24,101322,0.1,0.395,126.38,34.63,0.0955,0.3996,126.6,36.0
2026-03-16 10:13:24,101322,0.1,0.39,126.97,33.82,0.0955,0.3996,126.6,36.0
2026-03-16 10:13:24,101322,0.1,0.385,127.56,33.0,0.0987,0.395,126.6,34.8
2026-03-16 10:13:24,101322,0.1,0.38,128.13,32.2,0.1003,0.3927,126.6,34.2
2026-03-16 10:13:24,101322,0.1,0.375,128.69,31.39,0.1019,0.3903,126.6,33.6
2026-03-16 10:13:24,101322,0.1,0.37,129.24,30.59,0.1013,0.3861,127.2,33.0
2026-03-16 10:13:24,101322,0.1,0.365,129.79,29.79,0.1007,0.3818,127.8,32.4
2026-03-16 10:13:24,101322,0.1,0.36,130.32,28.99,0.1022,0.3794,127.8,31.8
2026-03-16 10:13:25,101322,0.1,0.355,130.85,28.2,0.0994,0.3732,129.0,31.2
2026-03-16 10:13:25,101322,0.1,0.35,131.36,27.4,0.0987,0.3689,129.6,30.6
2026-03-16 10:13:25,101322,0.1,0.345,131.87,26.61,0.0995,0.3621,130.2,29.4
2026-03-16 10:13:25,101322,0.1,0.34,132.36,25.82,0.1009,0.3596,130.2,28.8
2026-03-16 10:13:25,101322,0.1,0.33499999999999996,132.85,25.02,0.1002,0.3552,130.8,28.2
2026-03-16 10:13:25,101322,0.1,0.33,133.33,24.23,0.1015,0.3527,130.8,27.6
2026-03-16 10:13:25,101322,0.1,0.325,133.8,23.43,0.1007,0.3482,131.4,27.0
2026-03-16 10:13:25,101322,0.1,0.32,134.26,22.64,0.1013,0.3412,132.0,25.8
2026-03-16 10:13:25,101322,0.1,0.315,134.71,21.84,0.1017,0.3341,132.6,24.6
2026-03-16 10:13:25,101322,0.1,0.31,135.15,21.04,0.1009,0.3295,133.2,24.0
2026-03-16 10:13:25,101322,0.1,0.305,135.58,20.24,0.102,0.3269,133.2,23.4
2026-03-16 10:13:26,101322,0.1,0.3,136.01,19.43,0.1012,0.3223,133.8,22.8
2026-03-16 10:13:26,101322,0.09,0.3,138.19,21.26,0.1014,0.3151,134.4,21.6
2026-03-16 10:13:26,101322,0.08,0.3,140.36,23.14,0.0956,0.3087,136.2,21.6
2026-03-16 10:13:26,101322,0.07,0.3,142.52,25.08,0.0885,0.3121,137.4,23.4
2026-03-16 10:13:26,101322,0.06,0.3,144.66,27.06,0.0788,0.3083,139.8,24.6
2026-03-16 10:13:26,101322,0.05,0.3,146.78,29.08,0.0711,0.3066,141.6,25.8
2026-03-16 10:13:26,101322,0.04000000000000001,0.3,148.86,31.14,0.0606,0.3049,144.0,27.6
2026-03-16 10:13:26,101322,0.030000000000000013,0.3,150.92,33.22,0.0473,0.3029,147.0,30.0
2026-03-16 10:13:26,101322,0.01999999999999999,0.3,152.94,35.34,0.0385,0.3078,148.2,32.4
2026-03-16 10:13:26,101322,0.009999999999999995,0.3,154.92,37.48,0.0296,0.3077,150.0,34.2
2026-03-16 10:13:26,101322,0.0,0.3,156.86,39.64,0.021,0.3025,152.4,35.4
2026-03-16 10:13:27,101322,-0.010000000000000009,0.3,158.74,41.81,0.0093,0.3017,154.8,37.8
2026-03-16 10:13:27,101322,-0.01999999999999999,0.3,160.57,43.99,-0.0012,0.3032,156.6,40.2
2026-03-16 10:13:27,101322,-0.03,0.3,162.34,46.19,-0.0089,0.3047,157.8,42.0
2026-03-16 10:13:27,101322,-0.03999999999999998,0.3,164.05,48.38,-0.0177,0.3035,159.6,43.8
2026-03-16 10:13:27,101322,-0.05000000000000002,0.3,165.7,50.58,-0.0306,0.3062,161.4,46.8
2026-03-16 10:13:27,101322,-0.060000000000000026,0.3,167.28,52.78,-0.0383,0.2998,163.8,48.0
2026-03-16 10:13:27,101322,-0.07,0.3,168.79,54.98,-0.0471,0.2979,165.6,49.8
2026-03-16 10:13:27,101322,-0.08000000000000002,0.3,170.23,57.17,-0.0565,0.303,166.2,52.2
2026-03-16 10:13:27,101322,-0.09,0.3,171.59,59.35,-0.0692,0.3068,167.4,55.2
2026-03-16 10:13:27,101322,-0.1,0.3,172.88,61.53,-0.0782,0.3041,169.2,57.0
2026-03-16 10:13:28,101322,-0.1,0.305,171.89,61.76,-0.0866,0.3038,170.4,58.8
2026-03-16 10:13:28,101322,-0.1,0.31,170.91,62.0,-0.089,0.3054,170.4,59.4
2026-03-16 10:13:28,101322,-0.1,0.315,169.93,62.26,-0.0914,0.307,170.4,60.0
2026-03-16 10:13:28,101322,-0.1,0.32,168.97,62.53,-0.09,0.3124,169.2,60.0
2026-03-16 10:13:28,101322,-0.1,0.325,168.0,62.81,-0.0917,0.3167,168.6,60.6
2026-03-16 10:13:28,101322,-0.1,0.33,167.05,63.11,-0.0903,0.322,167.4,60.6
2026-03-16 10:13:28,101322,-0.1,0.335,166.09,63.42,-0.0919,0.3262,166.8,61.2
2026-03-16 10:13:28,101322,-0.1,0.34,165.14,63.75,-0.0903,0.3315,165.6,61.2
2026-03-16 10:13:28,101322,-0.1,0.34500000000000003,164.19,64.09,-0.0894,0.3342,165.0,61.2
2026-03-16 10:13:28,101322,-0.1,0.35,163.25,64.44,-0.091,0.3384,164.4,61.8
2026-03-16 10:13:28,101322,-0.1,0.355,162.31,64.81,-0.0925,0.3426,163.8,62.4
2026-03-16 10:13:29,101322,-0.1,0.36,161.37,65.19,-0.0931,0.3493,162.6,63.0
2026-03-16 10:13:29,101322,-0.1,0.365,160.43,65.59,-0.0921,0.3519,162.0,63.0
2026-03-16 10:13:29,101322,-0.1,0.37,159.49,65.99,-0.0911,0.3546,161.4,63.0
2026-03-16 10:13:29,101322,-0.1,0.375,158.55,66.42,-0.0914,0.3612,160.2,63.6
2026-03-16 10:13:29,101322,-0.1,0.38,157.62,66.85,-0.0928,0.3653,159.6,64.2
2026-03-16 10:13:29,101322,-0.1,0.385,156.68,67.3,-0.093,0.3719,158.4,64.8
2026-03-16 10:13:29,101322,-0.1,0.39,155.74,67.77,-0.0907,0.377,157.2,64.8
2026-03-16 10:13:29,101322,-0.1,0.395,154.79,68.25,-0.092,0.381,156.6,65.4
2026-03-16 10:13:29,101322,-0.1,0.4,153.85,68.75,-0.0932,0.3849,156.0,66.0
2026-03-16 10:13:29,101322,-0.095,0.4,153.36,67.81,-0.0907,0.39,154.8,66.0
2026-03-16 10:13:29,101322,-0.09,0.4,152.86,66.87,-0.0919,0.3938,154.2,66.6
2026-03-16 10:13:30,101322,-0.085,0.4,152.35,65.94,-0.0905,0.3963,153.6,66.6
2026-03-16 10:13:30,101322,-0.08,0.4,151.82,65.01,-0.0892,0.3988,153.0,66.6
2026-03-16 10:13:30,101322,-0.07500000000000001,0.4,151.28,64.09,-0.0854,0.3999,152.4,66.0
2026-03-16 10:13:30,101322,-0.07,0.4,150.73,63.17,-0.0805,0.3971,152.4,64.8
2026-03-16 10:13:30,101322,-0.065,0.4,150.17,62.25,-0.0767,0.3982,151.8,64.2
2026-03-16 10:13:30,101322,-0.06,0.4,149.59,61.34,-0.0704,0.3977,151.2,63.0
2026-03-16 10:13:30,101322,-0.055,0.4,149.0,60.43,-0.0666,0.3986,150.6,62.4
2026-03-16 10:13:30,101322,-0.05,0.4,148.4,59.53,-0.0628,0.3995,150.0,61.8
2026-03-16 10:13:30,101322,-0.045,0.4,147.79,58.63,-0.0566,0.3988,149.4,60.6
2026-03-16 10:13:30,101322,-0.04000000000000001,0.4,147.16,57.74,-0.0505,0.3981,148.8,59.4
2026-03-16 10:13:31,101322,-0.035,0.4,146.53,56.85,-0.0452,0.4012,147.6,58.8
2026-03-16 10:13:31,101322,-0.030000000000000013,0.4,145.88,55.97,-0.039,0.4002,147.0,57.6
2026-03-16 10:13:31,101322,-0.024999999999999994,0.4,145.22,55.1,-0.0368,0.3985,147.0,57.0
2026-03-16 10:13:31,101322,-0.01999999999999999,0.4,144.55,54.22,-0.0314,0.4015,145.8,56.4
2026-03-16 10:13:31,101322,-0.015,0.4,143.87,53.36,-0.0253,0.4004,145.2,55.2
2026-03-16 10:13:31,101322,-0.009999999999999995,0.4,143.18,52.5,-0.0215,0.4009,144.6,54.6
2026-03-16 10:13:31,101322,-0.0050000000000000044,0.4,142.48,51.64,-0.0155,0.3996,144.0,53.4
2026-03-16 10:13:32,101332,0.0,0.4,141.77,50.8,-0.0057,0.3986,142.8,51.6
2026-03-16 10:13:32,101332,0.005000000000000001,0.4,141.05,49.96,-0.0057,0.3986,142.8,51.6
2026-03-16 10:13:33,101332,0.010000000000000002,0.4,140.31,49.12,0.0019,0.3994,141.6,50.4
2026-03-16 10:13:33,101332,0.015,0.4,139.57,48.29,0.0057,0.3997,141.0,49.8
2026-03-16 10:13:33,101332,0.020000000000000004,0.4,138.83,47.47,0.0095,0.3999,140.4,49.2
2026-03-16 10:13:33,101332,0.025,0.4,138.07,46.66,0.0133,0.4002,139.8,48.6
2026-03-16 10:13:33,101332,0.03,0.4,137.3,45.85,0.0189,0.4026,138.6,48.0
2026-03-16 10:13:33,101332,0.034999999999999996,0.4,136.53,45.05,0.0247,0.4007,138.0,46.8
2026-03-16 10:13:33,101332,0.04000000000000001,0.4,135.74,44.26,0.0304,0.403,136.8,46.2
2026-03-16 10:13:33,101332,0.045000000000000005,0.4,134.95,43.47,0.0343,0.3989,136.8,45.0
2026-03-16 10:13:33,101332,0.05,0.4,134.15,42.7,0.0362,0.401,136.2,45.0
2026-03-16 10:13:33,101332,0.05500000000000001,0.4,133.34,41.93,0.0438,0.401,135.0,43.8
2026-03-16 10:13:34,101332,0.06,0.4,132.53,41.17,0.0476,0.4009,134.4,43.2
2026-03-16 10:13:34,101332,0.065,0.4,131.71,40.43,0.0533,0.3987,133.8,42.0
2026-03-16 10:13:34,101332,0.06999999999999999,0.4,130.88,39.69,0.0591,0.4006,132.6,41.4
2026-03-16 10:13:34,101332,0.07500000000000001,0.4,130.04,38.95,0.0629,0.4004,132.0,40.8
2026-03-16 10:13:34,101332,0.08000000000000002,0.4,129.2,38.23,0.0667,0.4002,131.4,40.2
2026-03-16 10:13:34,101332,0.085,0.4,128.36,37.52,0.0743,0.3997,130.2,39.0
2026-03-16 10:13:34,101332,0.09000000000000001,0.4,127.5,36.82,0.0781,0.3994,129.6,38.4
2026-03-16 10:13:34,101332,0.095,0.4,126.64,36.13,0.0819,0.399,129.0,37.8
2026-03-16 10:13:34,101332,0.1,0.4,125.78,35.45,0.0879,0.4005,127.8,37.2
2026-03-16 10:13:34,101332,0.1,0.395,126.38,34.63,0.0917,0.4001,127.2,36.6
2026-03-16 10:13:34,101332,0.1,0.39,126.97,33.82,0.0933,0.3978,127.2,36.0
2026-03-16 10:13:35,101332,0.1,0.385,127.56,33.0,0.095,0.3955,127.2,35.4
2026-03-16 10:13:35,101332,0.1,0.38,128.13,32.2,0.0982,0.3908,127.2,34.2
2026-03-16 10:13:35,101332,0.1,0.375,128.69,31.39,0.0997,0.3885,127.2,33.6
2026-03-16 10:13:35,101332,0.1,0.37,129.24,30.59,0.1013,0.3861,127.2,33.0
2026-03-16 10:13:35,101332,0.1,0.365,129.79,29.79,0.1007,0.3818,127.8,32.4
2026-03-16 10:13:35,101332,0.1,0.36,130.32,28.99,0.1022,0.3794,127.8,31.8
2026-03-16 10:13:35,101332,0.1,0.355,130.85,28.2,0.1015,0.3751,128.4,31.2
2026-03-16 10:13:35,101332,0.1,0.35,131.36,27.4,0.1023,0.3684,129.0,30.0
2026-03-16 10:13:35,101332,0.1,0.345,131.87,26.61,0.1002,0.3665,129.6,30.0
2026-03-16 10:13:35,101332,0.1,0.34,132.36,25.82,0.1009,0.3596,130.2,28.8
2026-03-16 10:13:35,101332,0.1,0.33499999999999996,132.85,25.02,0.1002,0.3552,130.8,28.2
2026-03-16 10:13:36,101332,0.1,0.33,133.33,24.23,0.0994,0.3507,131.4,27.6
2026-03-16 10:13:36,101332,0.1,0.325,133.8,23.43,0.102,0.3457,131.4,26.4
2026-03-16 10:13:36,101332,0.1,0.32,134.26,22.64,0.1025,0.3386,132.0,25.2
2026-03-16 10:13:36,101332,0.1,0.315,134.71,21.84,0.1005,0.3366,132.6,25.2
2026-03-16 10:13:36,101332,0.1,0.31,135.15,21.04,0.1029,0.3315,132.6,24.0
2026-03-16 10:13:36,101332,0.1,0.305,135.58,20.24,0.102,0.3269,133.2,23.4
2026-03-16 10:13:36,101332,0.1,0.3,136.01,19.43,0.1023,0.3197,133.8,22.2
2026-03-16 10:13:36,101332,0.09,0.3,138.19,21.26,0.1014,0.3151,134.4,21.6
2026-03-16 10:13:36,101332,0.08,0.3,140.36,23.14,0.0956,0.3087,136.2,21.6
2026-03-16 10:13:36,101332,0.07,0.3,142.52,25.08,0.0907,0.3069,137.4,22.2
2026-03-16 10:13:37,101332,0.06,0.3,144.66,27.06,0.0788,0.3083,139.8,24.6
2026-03-16 10:13:37,101332,0.05,0.3,146.78,29.08,0.0711,0.3066,141.6,25.8
2026-03-16 10:13:37,101332,0.04000000000000001,0.3,148.86,31.14,0.0593,0.3074,144.0,28.2
2026-03-16 10:13:37,101332,0.030000000000000013,0.3,150.92,33.22,0.0502,0.3028,146.4,29.4
2026-03-16 10:13:37,101332,0.01999999999999999,0.3,152.94,35.34,0.0415,0.303,148.2,31.2
2026-03-16 10:13:37,101332,0.009999999999999995,0.3,154.92,37.48,0.0312,0.3053,150.0,33.6
2026-03-16 10:13:37,101332,0.0,0.3,156.86,39.64,0.0194,0.3049,152.4,36.0
2026-03-16 10:13:37,101332,-0.010000000000000009,0.3,158.74,41.81,0.0047,0.3038,155.4,39.0
2026-03-16 10:13:37,101332,-0.01999999999999999,0.3,160.57,43.99,-0.0,0.3058,156.0,40.2
2026-03-16 10:13:37,101332,-0.03,0.3,162.34,46.19,-0.0089,0.3047,157.8,42.0
2026-03-16 10:13:37,101332,-0.03999999999999998,0.3,164.05,48.38,-0.0177,0.3035,159.6,43.8
2026-03-16 10:13:38,101332,-0.05000000000000002,0.3,165.7,50.58,-0.0266,0.3021,161.4,45.6
2026-03-16 10:13:38,101332,-0.060000000000000026,0.3,167.28,52.78,-0.0425,0.3038,163.8,49.2
2026-03-16 10:13:38,101332,-0.07,0.3,168.79,54.98,-0.0476,0.3051,164.4,50.4
2026-03-16 10:13:38,101332,-0.08000000000000002,0.3,170.23,57.17,-0.0565,0.303,166.2,52.2
2026-03-16 10:13:38,101332,-0.09,0.3,171.59,59.35,-0.0647,0.3032,167.4,54.0
2026-03-16 10:13:38,101332,-0.1,0.3,172.88,61.53,-0.0736,0.3006,169.2,55.8
2026-03-16 10:13:38,101332,-0.1,0.305,171.89,61.76,-0.0896,0.3028,171.0,59.4
2026-03-16 10:13:38,101332,-0.1,0.31,170.91,62.0,-0.0896,0.3028,171.0,59.4
2026-03-16 10:13:38,101332,-0.1,0.315,169.93,62.26,-0.0914,0.307,170.4,60.0
2026-03-16 10:13:38,101332,-0.1,0.32,168.97,62.53,-0.09,0.3124,169.2,60.0
2026-03-16 10:13:38,101332,-0.1,0.325,168.0,62.81,-0.0893,0.3151,168.6,60.0
2026-03-16 10:13:39,101332,-0.1,0.33,167.05,63.11,-0.0903,0.322,167.4,60.6
2026-03-16 10:13:39,101332,-0.1,0.335,166.09,63.42,-0.0919,0.3262,166.8,61.2
2026-03-16 10:13:39,101332,-0.1,0.34,165.14,63.75,-0.0911,0.3289,166.2,61.2
2026-03-16 10:13:39,101332,-0.1,0.34500000000000003,164.19,64.09,-0.0903,0.3315,165.6,61.2
2026-03-16 10:13:39,101332,-0.1,0.35,163.25,64.44,-0.091,0.3384,164.4,61.8
2026-03-16 10:13:39,101332,-0.1,0.355,162.31,64.81,-0.0925,0.3426,163.8,62.4
2026-03-16 10:13:39,101332,-0.1,0.36,161.37,65.19,-0.0916,0.3452,163.2,62.4
2026-03-16 10:13:39,101332,-0.1,0.365,160.43,65.59,-0.0921,0.3519,162.0,63.0
2026-03-16 10:13:39,101332,-0.1,0.37,159.49,65.99,-0.0911,0.3546,161.4,63.0
2026-03-16 10:13:39,101332,-0.1,0.375,158.55,66.42,-0.0914,0.3612,160.2,63.6
2026-03-16 10:13:39,101332,-0.1,0.38,157.62,66.85,-0.0917,0.3679,159.0,64.2
2026-03-16 10:13:40,101332,-0.1,0.385,156.68,67.3,-0.093,0.3719,158.4,64.8
2026-03-16 10:13:40,101332,-0.1,0.39,155.74,67.77,-0.0919,0.3745,157.8,64.8
2026-03-16 10:13:40,101332,-0.1,0.395,154.79,68.25,-0.092,0.381,156.6,65.4
2026-03-16 10:13:40,101332,-0.1,0.4,153.85,68.75,-0.092,0.3874,155.4,66.0
2026-03-16 10:13:40,101332,-0.095,0.4,153.36,67.81,-0.0932,0.3913,154.8,66.6
2026-03-16 10:13:40,101332,-0.09,0.4,152.86,66.87,-0.0919,0.3938,154.2,66.6
2026-03-16 10:13:40,101332,-0.085,0.4,152.35,65.94,-0.0919,0.3938,154.2,66.6
2026-03-16 10:13:40,101332,-0.08,0.4,151.82,65.01,-0.0892,0.3988,153.0,66.6
2026-03-16 10:13:40,101332,-0.07500000000000001,0.4,151.28,64.09,-0.0854,0.3999,152.4,66.0
2026-03-16 10:13:40,101332,-0.07,0.4,150.73,63.17,-0.0805,0.3971,152.4,64.8
2026-03-16 10:13:41,101332,-0.065,0.4,150.17,62.25,-0.0742,0.3967,151.8,63.6
2026-03-16 10:13:41,101332,-0.06,0.4,149.59,61.34,-0.0704,0.3977,151.2,63.0
2026-03-16 10:13:41,101332,-0.055,0.4,149.0,60.43,-0.0666,0.3986,150.6,62.4
2026-03-16 10:13:41,101332,-0.05,0.4,148.4,59.53,-0.0628,0.3995,150.0,61.8
2026-03-16 10:13:41,101332,-0.045,0.4,147.79,58.63,-0.0552,0.4013,148.8,60.6
2026-03-16 10:13:41,101332,-0.04000000000000001,0.4,147.16,57.74,-0.0528,0.3997,148.8,60.0
2026-03-16 10:13:41,101332,-0.035,0.4,146.53,56.85,-0.0467,0.3988,148.2,58.8
2026-03-16 10:13:41,101332,-0.030000000000000013,0.4,145.88,55.97,-0.0413,0.4019,147.0,58.2
2026-03-16 10:13:41,101332,-0.024999999999999994,0.4,145.22,55.1,-0.0352,0.4009,146.4,57.0
2026-03-16 10:13:41,101332,-0.01999999999999999,0.4,144.55,54.22,-0.0314,0.4015,145.8,56.4
2026-03-16 10:13:41,101332,-0.015,0.4,143.87,53.36,-0.0253,0.4004,145.2,55.2
2026-03-16 10:13:42,101332,-0.009999999999999995,0.4,143.18,52.5,-0.0215,0.4009,144.6,54.6
2026-03-16 10:13:42,101332,-0.0050000000000000044,0.4,142.48,51.64,-0.0155,0.3996,144.0,53.4
2026-03-16 10:13:44,101344,0.0,0.4,141.77,50.8,-0.0057,0.3986,142.8,51.6
2026-03-16 10:13:44,101344,0.005000000000000001,0.4,141.05,49.96,-0.0041,0.4009,142.2,51.6
2026-03-16 10:13:44,101344,0.010000000000000002,0.4,140.31,49.12,-0.0019,0.399,142.2,51.0
2026-03-16 10:13:44,101344,0.015,0.4,139.57,48.29,0.0057,0.3997,141.0,49.8
2026-03-16 10:13:44,101344,0.020000000000000004,0.4,138.83,47.47,0.0095,0.3999,140.4,49.2
2026-03-16 10:13:44,101344,0.025,0.4,138.07,46.66,0.0153,0.3982,139.8,48.0
2026-03-16 10:13:44,101344,0.03,0.4,137.3,45.85,0.0189,0.4026,138.6,48.0
2026-03-16 10:13:44,101344,0.034999999999999996,0.4,136.53,45.05,0.0229,0.3986,138.6,46.8
2026-03-16 10:13:44,101344,0.04000000000000001,0.4,135.74,44.26,0.0285,0.4008,137.4,46.2
2026-03-16 10:13:44,101344,0.045000000000000005,0.4,134.95,43.47,0.0324,0.4009,136.8,45.6
2026-03-16 10:13:45,101344,0.05,0.4,134.15,42.7,0.04,0.401,135.6,44.4
2026-03-16 10:13:45,101344,0.05500000000000001,0.4,133.34,41.93,0.0438,0.401,135.0,43.8
2026-03-16 10:13:45,101344,0.06,0.4,132.53,41.17,0.0476,0.4009,134.4,43.2
2026-03-16 10:13:45,101344,0.065,0.4,131.71,40.43,0.0533,0.3987,133.8,42.0
2026-03-16 10:13:45,101344,0.06999999999999999,0.4,130.88,39.69,0.0571,0.3986,133.2,41.4
2026-03-16 10:13:45,101344,0.07500000000000001,0.4,130.04,38.95,0.0647,0.3982,132.0,40.2
2026-03-16 10:13:45,101344,0.08000000000000002,0.4,129.2,38.23,0.0705,0.3999,130.8,39.6
2026-03-16 10:13:45,101344,0.085,0.4,128.36,37.52,0.0743,0.3997,130.2,39.0
2026-03-16 10:13:45,101344,0.09000000000000001,0.4,127.5,36.82,0.0781,0.3994,129.6,38.4
2026-03-16 10:13:45,101344,0.095,0.4,126.64,36.13,0.0836,0.3967,129.0,37.2
2026-03-16 10:13:45,101344,0.1,0.4,125.78,35.45,0.0895,0.3982,127.8,36.6
2026-03-16 10:13:46,101344,0.1,0.395,126.38,34.63,0.0933,0.3978,127.2,36.0
2026-03-16 10:13:46,101344,0.1,0.39,126.97,33.82,0.095,0.3955,127.2,35.4
2026-03-16 10:13:46,101344,0.1,0.385,127.56,33.0,0.0966,0.3932,127.2,34.8
2026-03-16 10:13:46,101344,0.1,0.38,128.13,32.2,0.0982,0.3908,127.2,34.2
2026-03-16 10:13:46,101344,0.1,0.375,128.69,31.39,0.0997,0.3885,127.2,33.6
2026-03-16 10:13:46,101344,0.1,0.37,129.24,30.59,0.1013,0.3861,127.2,33.0
2026-03-16 10:13:46,101344,0.1,0.365,129.79,29.79,0.1028,0.3837,127.2,32.4
2026-03-16 10:13:46,101344,0.1,0.36,130.32,28.99,0.1022,0.3794,127.8,31.8
2026-03-16 10:13:46,101344,0.1,0.355,130.85,28.2,0.1015,0.3751,128.4,31.2
2026-03-16 10:13:46,101344,0.1,0.35,131.36,27.4,0.0987,0.3689,129.6,30.6
2026-03-16 10:13:46,101344,0.1,0.345,131.87,26.61,0.1016,0.364,129.6,29.4
2026-03-16 10:13:47,101344,0.1,0.34,132.36,25.82,0.1009,0.3596,130.2,28.8
2026-03-16 10:13:47,101344,0.1,0.33499999999999996,132.85,25.02,0.1002,0.3552,130.8,28.2
2026-03-16 10:13:47,101344,0.1,0.33,133.33,24.23,0.0994,0.3507,131.4,27.6
2026-03-16 10:13:47,101344,0.1,0.325,133.8,23.43,0.1,0.3437,132.0,26.4
2026-03-16 10:13:47,101344,0.1,0.32,134.26,22.64,0.0992,0.3391,132.6,25.8
2026-03-16 10:13:47,101344,0.1,0.315,134.71,21.84,0.1017,0.3341,132.6,24.6
2026-03-16 10:13:47,101344,0.1,0.31,135.15,21.04,0.1009,0.3295,133.2,24.0
2026-03-16 10:13:47,101344,0.1,0.305,135.58,20.24,0.102,0.3269,133.2,23.4
2026-03-16 10:13:47,101344,0.1,0.3,136.01,19.43,0.1012,0.3223,133.8,22.8
2026-03-16 10:13:47,101344,0.09,0.3,138.19,21.26,0.1014,0.3151,134.4,21.6
2026-03-16 10:13:48,101344,0.08,0.3,140.36,23.14,0.0995,0.313,135.0,21.6
2026-03-16 10:13:48,101344,0.07,0.3,142.52,25.08,0.0896,0.3095,137.4,22.8
2026-03-16 10:13:48,101344,0.06,0.3,144.66,27.06,0.08,0.3058,139.8,24.0
2026-03-16 10:13:48,101344,0.05,0.3,146.78,29.08,0.0694,0.3043,142.2,25.8
2026-03-16 10:13:48,101344,0.04000000000000001,0.3,148.86,31.14,0.059,0.3025,144.6,27.6
2026-03-16 10:13:48,101344,0.030000000000000013,0.3,150.92,33.22,0.0504,0.3077,145.8,30.0
2026-03-16 10:13:48,101344,0.01999999999999999,0.3,152.94,35.34,0.0385,0.3078,148.2,32.4
2026-03-16 10:13:48,101344,0.009999999999999995,0.3,154.92,37.48,0.0312,0.3053,150.0,33.6
2026-03-16 10:13:48,101344,0.0,0.3,156.86,39.64,0.0223,0.305,151.8,35.4
2026-03-16 10:13:48,101344,-0.010000000000000009,0.3,158.74,41.81,0.0093,0.3017,154.8,37.8
2026-03-16 10:13:48,101344,-0.01999999999999999,0.3,160.57,43.99,0.0018,0.3035,156.0,39.6
2026-03-16 10:13:49,101344,-0.03,0.3,162.34,46.19,-0.0126,0.3091,157.8,43.2
2026-03-16 10:13:49,101344,-0.03999999999999998,0.3,164.05,48.38,-0.0216,0.3078,159.6,45.0
2026-03-16 10:13:49,101344,-0.05000000000000002,0.3,165.7,50.58,-0.0266,0.3021,161.4,45.6
2026-03-16 10:13:49,101344,-0.060000000000000026,0.3,167.28,52.78,-0.0383,0.2998,163.8,48.0
2026-03-16 10:13:49,101344,-0.07,0.3,168.79,54.98,-0.0471,0.2979,165.6,49.8
2026-03-16 10:13:49,101344,-0.08000000000000002,0.3,170.23,57.17,-0.0565,0.303,166.2,52.2
2026-03-16 10:13:49,101344,-0.09,0.3,171.59,59.35,-0.0692,0.3068,167.4,55.2
2026-03-16 10:13:49,101344,-0.1,0.3,172.88,61.53,-0.0759,0.3024,169.2,56.4
2026-03-16 10:13:49,101344,-0.1,0.305,171.89,61.76,-0.0848,0.2995,171.0,58.2
2026-03-16 10:13:49,101344,-0.1,0.31,170.91,62.0,-0.0896,0.3028,171.0,59.4
2026-03-16 10:13:49,101344,-0.1,0.315,169.93,62.26,-0.089,0.3054,170.4,59.4
2026-03-16 10:13:50,101344,-0.1,0.32,168.97,62.53,-0.09,0.3124,169.2,60.0
2026-03-16 10:13:50,101344,-0.1,0.325,168.0,62.81,-0.0917,0.3167,168.6,60.6
2026-03-16 10:13:50,101344,-0.1,0.33,167.05,63.11,-0.0903,0.322,167.4,60.6
2026-03-16 10:13:50,101344,-0.1,0.335,166.09,63.42,-0.0919,0.3262,166.8,61.2
2026-03-16 10:13:50,101344,-0.1,0.34,165.14,63.75,-0.0911,0.3289,166.2,61.2
2026-03-16 10:13:50,101344,-0.1,0.34500000000000003,164.19,64.09,-0.0927,0.3331,165.6,61.8
2026-03-16 10:13:50,101344,-0.1,0.35,163.25,64.44,-0.0943,0.3373,165.0,62.4
2026-03-16 10:13:50,101344,-0.1,0.355,162.31,64.81,-0.0925,0.3426,163.8,62.4
2026-03-16 10:13:50,101344,-0.1,0.36,161.37,65.19,-0.0906,0.3478,162.6,62.4
2026-03-16 10:13:50,101344,-0.1,0.365,160.43,65.59,-0.0921,0.3519,162.0,63.0
2026-03-16 10:13:51,101344,-0.1,0.37,159.49,65.99,-0.0935,0.356,161.4,63.6
2026-03-16 10:13:51,101344,-0.1,0.375,158.55,66.42,-0.0914,0.3612,160.2,63.6
2026-03-16 10:13:51,101344,-0.1,0.38,157.62,66.85,-0.0917,0.3679,159.0,64.2
2026-03-16 10:13:51,101344,-0.1,0.385,156.68,67.3,-0.0906,0.3705,158.4,64.2
2026-03-16 10:13:51,101344,-0.1,0.39,155.74,67.77,-0.0919,0.3745,157.8,64.8
2026-03-16 10:13:51,101344,-0.1,0.395,154.79,68.25,-0.092,0.381,156.6,65.4
2026-03-16 10:13:51,101344,-0.1,0.4,153.85,68.75,-0.0932,0.3849,156.0,66.0
2026-03-16 10:13:51,101344,-0.095,0.4,153.36,67.81,-0.0932,0.3913,154.8,66.6
2026-03-16 10:13:51,101344,-0.09,0.4,152.86,66.87,-0.0919,0.3938,154.2,66.6
2026-03-16 10:13:51,101344,-0.085,0.4,152.35,65.94,-0.0919,0.3938,154.2,66.6
2026-03-16 10:13:51,101344,-0.08,0.4,151.82,65.01,-0.0905,0.3963,153.6,66.6
2026-03-16 10:13:52,101344,-0.07500000000000001,0.4,151.28,64.09,-0.0867,0.3975,153.0,66.0
2026-03-16 10:13:52,101344,-0.07,0.4,150.73,63.17,-0.0791,0.3996,151.8,64.8
2026-03-16 10:13:52,101344,-0.065,0.4,150.17,62.25,-0.0777,0.4021,151.2,64.8
2026-03-16 10:13:52,101344,-0.06,0.4,149.59,61.34,-0.0728,0.3992,151.2,63.6
2026-03-16 10:13:52,101344,-0.055,0.4,149.0,60.43,-0.0666,0.3986,150.6,62.4
2026-03-16 10:13:52,101344,-0.05,0.4,148.4,59.53,-0.0604,0.398,150.0,61.2
2026-03-16 10:13:52,101344,-0.045,0.4,147.79,58.63,-0.0552,0.4013,148.8,60.6
2026-03-16 10:13:52,101344,-0.04000000000000001,0.4,147.16,57.74,-0.0528,0.3997,148.8,60.0
2026-03-16 10:13:52,101344,-0.035,0.4,146.53,56.85,-0.0467,0.3988,148.2,58.8
2026-03-16 10:13:52,101344,-0.030000000000000013,0.4,145.88,55.97,-0.0429,0.3995,147.6,58.2
2026-03-16 10:13:52,101344,-0.024999999999999994,0.4,145.22,55.1,-0.0368,0.3985,147.0,57.0
2026-03-16 10:13:53,101344,-0.01999999999999999,0.4,144.55,54.22,-0.0314,0.4015,145.8,56.4
2026-03-16 10:13:53,101344,-0.015,0.4,143.87,53.36,-0.0253,0.4004,145.2,55.2
2026-03-16 10:13:53,101344,-0.009999999999999995,0.4,143.18,52.5,-0.0215,0.4009,144.6,54.6
2026-03-16 10:13:53,101344,-0.0050000000000000044,0.4,142.48,51.64,-0.0177,0.4014,144.0,54.0
2026-03-16 10:14:02,101402,0.0,0.4,141.77,50.8,-0.0057,0.3986,142.8,51.6
2026-03-16 10:14:02,101402,0.005000000000000001,0.4,141.05,49.96,-0.0036,0.3967,142.8,51.0
2026-03-16 10:14:02,101402,0.010000000000000002,0.4,140.31,49.12,0.0002,0.3971,142.2,50.4
2026-03-16 10:14:02,101402,0.015,0.4,139.57,48.29,0.0057,0.3997,141.0,49.8
2026-03-16 10:14:02,101402,0.020000000000000004,0.4,138.83,47.47,0.0115,0.398,140.4,48.6
2026-03-16 10:14:02,101402,0.025,0.4,138.07,46.66,0.0153,0.3982,139.8,48.0
2026-03-16 10:14:02,101402,0.03,0.4,137.3,45.85,0.0191,0.3984,139.2,47.4
2026-03-16 10:14:02,101402,0.034999999999999996,0.4,136.53,45.05,0.0229,0.3986,138.6,46.8
2026-03-16 10:14:02,101402,0.04000000000000001,0.4,135.74,44.26,0.0305,0.3988,137.4,45.6
2026-03-16 10:14:02,101402,0.045000000000000005,0.4,134.95,43.47,0.0343,0.3989,136.8,45.0
2026-03-16 10:14:03,101402,0.05,0.4,134.15,42.7,0.04,0.3968,136.2,43.8
2026-03-16 10:14:03,101402,0.05500000000000001,0.4,133.34,41.93,0.0419,0.3989,135.6,43.8
2026-03-16 10:14:03,101402,0.06,0.4,132.53,41.17,0.0476,0.4009,134.4,43.2
2026-03-16 10:14:03,101402,0.065,0.4,131.71,40.43,0.0533,0.3987,133.8,42.0
2026-03-16 10:14:03,101402,0.06999999999999999,0.4,130.88,39.69,0.0591,0.4006,132.6,41.4
2026-03-16 10:14:03,101402,0.07500000000000001,0.4,130.04,38.95,0.0647,0.3982,132.0,40.2
2026-03-16 10:14:03,101402,0.08000000000000002,0.4,129.2,38.23,0.0702,0.3957,131.4,39.0
2026-03-16 10:14:03,101402,0.085,0.4,128.36,37.52,0.0743,0.3997,130.2,39.0
2026-03-16 10:14:03,101402,0.09000000000000001,0.4,127.5,36.82,0.0781,0.3994,129.6,38.4
2026-03-16 10:14:03,101402,0.095,0.4,126.64,36.13,0.0836,0.3967,129.0,37.2
2026-03-16 10:14:03,101402,0.1,0.4,125.78,35.45,0.0874,0.3964,128.4,36.6
2026-03-16 10:14:04,101402,0.1,0.395,126.38,34.63,0.0933,0.3978,127.2,36.0
2026-03-16 10:14:04,101402,0.1,0.39,126.97,33.82,0.095,0.3955,127.2,35.4
2026-03-16 10:14:04,101402,0.1,0.385,127.56,33.0,0.0966,0.3932,127.2,34.8
2026-03-16 10:14:04,101402,0.1,0.38,128.13,32.2,0.0982,0.3908,127.2,34.2
2026-03-16 10:14:04,101402,0.1,0.375,128.69,31.39,0.0997,0.3885,127.2,33.6
2026-03-16 10:14:04,101402,0.1,0.37,129.24,30.59,0.1013,0.3861,127.2,33.0
2026-03-16 10:14:04,101402,0.1,0.365,129.79,29.79,0.1007,0.3818,127.8,32.4
2026-03-16 10:14:04,101402,0.1,0.36,130.32,28.99,0.1,0.3776,128.4,31.8
2026-03-16 10:14:04,101402,0.1,0.355,130.85,28.2,0.0994,0.3732,129.0,31.2
2026-03-16 10:14:04,101402,0.1,0.35,131.36,27.4,0.1008,0.3708,129.0,30.6
2026-03-16 10:14:04,101402,0.1,0.345,131.87,26.61,0.1016,0.364,129.6,29.4
2026-03-16 10:14:05,101402,0.1,0.34,132.36,25.82,0.1009,0.3596,130.2,28.8
2026-03-16 10:14:05,101402,0.1,0.33499999999999996,132.85,25.02,0.1002,0.3552,130.8,28.2
2026-03-16 10:14:05,101402,0.1,0.33,133.33,24.23,0.1007,0.3482,131.4,27.0
2026-03-16 10:14:05,101402,0.1,0.325,133.8,23.43,0.102,0.3457,131.4,26.4
2026-03-16 10:14:05,101402,0.1,0.32,134.26,22.64,0.1013,0.3412,132.0,25.8
2026-03-16 10:14:05,101402,0.1,0.315,134.71,21.84,0.1017,0.3341,132.6,24.6
2026-03-16 10:14:05,101402,0.1,0.31,135.15,21.04,0.1009,0.3295,133.2,24.0
2026-03-16 10:14:05,101402,0.1,0.305,135.58,20.24,0.1001,0.3249,133.8,23.4
2026-03-16 10:14:05,101402,0.1,0.3,136.01,19.43,0.1023,0.3197,133.8,22.2
2026-03-16 10:14:05,101402,0.09,0.3,138.19,21.26,0.1014,0.3151,134.4,21.6
2026-03-16 10:14:06,101402,0.08,0.3,140.36,23.14,0.0995,0.313,135.0,21.6
2026-03-16 10:14:06,101402,0.07,0.3,142.52,25.08,0.0885,0.3121,137.4,23.4
2026-03-16 10:14:06,101402,0.06,0.3,144.66,27.06,0.0776,0.3109,139.8,25.2
2026-03-16 10:14:06,101402,0.05,0.3,146.78,29.08,0.0677,0.302,142.8,25.8
2026-03-16 10:14:06,101402,0.04000000000000001,0.3,148.86,31.14,0.0622,0.3072,143.4,27.6
2026-03-16 10:14:06,101402,0.030000000000000013,0.3,150.92,33.22,0.0518,0.3052,145.8,29.4
2026-03-16 10:14:06,101402,0.01999999999999999,0.3,152.94,35.34,0.0415,0.303,148.2,31.2
2026-03-16 10:14:06,101402,0.009999999999999995,0.3,154.92,37.48,0.0266,0.3076,150.6,34.8
2026-03-16 10:14:06,101402,0.0,0.3,156.86,39.64,0.0148,0.307,153.0,37.2
2026-03-16 10:14:06,101402,-0.010000000000000009,0.3,158.74,41.81,0.0106,0.3043,154.2,37.8
2026-03-16 10:14:06,101402,-0.01999999999999999,0.3,160.57,43.99,0.0018,0.3035,156.0,39.6
2026-03-16 10:14:07,101402,-0.03,0.3,162.34,46.19,-0.0089,0.3047,157.8,42.0
2026-03-16 10:14:07,101402,-0.03999999999999998,0.3,164.05,48.38,-0.0177,0.3035,159.6,43.8
2026-03-16 10:14:07,101402,-0.05000000000000002,0.3,165.7,50.58,-0.0324,0.301,162.6,46.8
2026-03-16 10:14:07,101402,-0.060000000000000026,0.3,167.28,52.78,-0.0354,0.3004,163.2,47.4
2026-03-16 10:14:07,101402,-0.07,0.3,168.79,54.98,-0.0454,0.3032,164.4,49.8
2026-03-16 10:14:07,101402,-0.08000000000000002,0.3,170.23,57.17,-0.0543,0.3011,166.2,51.6
2026-03-16 10:14:07,101402,-0.09,0.3,171.59,59.35,-0.0647,0.3032,167.4,54.0
2026-03-16 10:14:07,101402,-0.1,0.3,172.88,61.53,-0.0789,0.3014,169.8,57.0
2026-03-16 10:14:07,101402,-0.1,0.305,171.89,61.76,-0.0872,0.3011,171.0,58.8
2026-03-16 10:14:07,101402,-0.1,0.31,170.91,62.0,-0.0896,0.3028,171.0,59.4
2026-03-16 10:14:07,101402,-0.1,0.315,169.93,62.26,-0.0914,0.307,170.4,60.0
2026-03-16 10:14:08,101402,-0.1,0.32,168.97,62.53,-0.09,0.3124,169.2,60.0
2026-03-16 10:14:08,101402,-0.1,0.325,168.0,62.81,-0.091,0.3193,168.0,60.6
2026-03-16 10:14:08,101402,-0.1,0.33,167.05,63.11,-0.0903,0.322,167.4,60.6
2026-03-16 10:14:08,101402,-0.1,0.335,166.09,63.42,-0.0919,0.3262,166.8,61.2
2026-03-16 10:14:08,101402,-0.1,0.34,165.14,63.75,-0.0911,0.3289,166.2,61.2
2026-03-16 10:14:08,101402,-0.1,0.34500000000000003,164.19,64.09,-0.0903,0.3315,165.6,61.2
2026-03-16 10:14:08,101402,-0.1,0.35,163.25,64.44,-0.0918,0.3357,165.0,61.8
2026-03-16 10:14:08,101402,-0.1,0.355,162.31,64.81,-0.0925,0.3426,163.8,62.4
2026-03-16 10:14:08,101402,-0.1,0.36,161.37,65.19,-0.0916,0.3452,163.2,62.4
2026-03-16 10:14:08,101402,-0.1,0.365,160.43,65.59,-0.0921,0.3519,162.0,63.0
2026-03-16 10:14:09,101402,-0.1,0.37,159.49,65.99,-0.0935,0.356,161.4,63.6
2026-03-16 10:14:09,101402,-0.1,0.375,158.55,66.42,-0.0914,0.3612,160.2,63.6
2026-03-16 10:14:09,101402,-0.1,0.38,157.62,66.85,-0.0917,0.3679,159.0,64.2
2026-03-16 10:14:09,101402,-0.1,0.385,156.68,67.3,-0.093,0.3719,158.4,64.8
2026-03-16 10:14:09,101402,-0.1,0.39,155.74,67.77,-0.0944,0.3759,157.8,65.4
2026-03-16 10:14:09,101402,-0.1,0.395,154.79,68.25,-0.092,0.381,156.6,65.4
2026-03-16 10:14:09,101402,-0.1,0.4,153.85,68.75,-0.092,0.3874,155.4,66.0
2026-03-16 10:14:09,101402,-0.095,0.4,153.36,67.81,-0.0907,0.39,154.8,66.0
2026-03-16 10:14:09,101402,-0.09,0.4,152.86,66.87,-0.0919,0.3938,154.2,66.6
2026-03-16 10:14:09,101402,-0.085,0.4,152.35,65.94,-0.0905,0.3963,153.6,66.6
2026-03-16 10:14:09,101402,-0.08,0.4,151.82,65.01,-0.0867,0.3975,153.0,66.0
2026-03-16 10:14:10,101402,-0.07500000000000001,0.4,151.28,64.09,-0.0854,0.3999,152.4,66.0
2026-03-16 10:14:10,101402,-0.07,0.4,150.73,63.17,-0.0815,0.401,151.8,65.4
2026-03-16 10:14:10,101402,-0.065,0.4,150.17,62.25,-0.0767,0.3982,151.8,64.2
2026-03-16 10:14:10,101402,-0.06,0.4,149.59,61.34,-0.0704,0.3977,151.2,63.0
2026-03-16 10:14:10,101402,-0.055,0.4,149.0,60.43,-0.0642,0.3971,150.6,61.8
2026-03-16 10:14:10,101402,-0.05,0.4,148.4,59.53,-0.0628,0.3995,150.0,61.8
2026-03-16 10:14:10,101402,-0.045,0.4,147.79,58.63,-0.0552,0.4013,148.8,60.6
2026-03-16 10:14:10,101402,-0.04000000000000001,0.4,147.16,57.74,-0.0505,0.3981,148.8,59.4
2026-03-16 10:14:10,101402,-0.035,0.4,146.53,56.85,-0.0467,0.3988,148.2,58.8
2026-03-16 10:14:10,101402,-0.030000000000000013,0.4,145.88,55.97,-0.0406,0.3979,147.6,57.6
2026-03-16 10:14:10,101402,-0.024999999999999994,0.4,145.22,55.1,-0.033,0.3992,146.4,56.4
2026-03-16 10:14:11,101402,-0.01999999999999999,0.4,144.55,54.22,-0.0314,0.4015,145.8,56.4
2026-03-16 10:14:11,101402,-0.015,0.4,143.87,53.36,-0.0253,0.4004,145.2,55.2
2026-03-16 10:14:11,101402,-0.009999999999999995,0.4,143.18,52.5,-0.0215,0.4009,144.6,54.6
2026-03-16 10:14:11,101402,-0.0050000000000000044,0.4,142.48,51.64,-0.0155,0.3996,144.0,53.4
2026-03-16 10:14:12,101412,0.0,0.4,141.77,50.8,-0.0057,0.3986,142.8,51.6
2026-03-16 10:14:13,101412,0.005000000000000001,0.4,141.05,49.96,-0.0036,0.3967,142.8,51.0
2026-03-16 10:14:13,101412,0.010000000000000002,0.4,140.31,49.12,0.0019,0.3994,141.6,50.4
2026-03-16 10:14:13,101412,0.015,0.4,139.57,48.29,0.0036,0.4016,141.0,50.4
2026-03-16 10:14:13,101412,0.020000000000000004,0.4,138.83,47.47,0.0095,0.3999,140.4,49.2
2026-03-16 10:14:13,101412,0.025,0.4,138.07,46.66,0.0133,0.4002,139.8,48.6
2026-03-16 10:14:13,101412,0.03,0.4,137.3,45.85,0.0171,0.4004,139.2,48.0
2026-03-16 10:14:13,101412,0.034999999999999996,0.4,136.53,45.05,0.0247,0.4007,138.0,46.8
2026-03-16 10:14:13,101412,0.04000000000000001,0.4,135.74,44.26,0.0305,0.3988,137.4,45.6
2026-03-16 10:14:13,101412,0.045000000000000005,0.4,134.95,43.47,0.0324,0.4009,136.8,45.6
2026-03-16 10:14:13,101412,0.05,0.4,134.15,42.7,0.0381,0.3989,136.2,44.4
2026-03-16 10:14:13,101412,0.05500000000000001,0.4,133.34,41.93,0.0419,0.3989,135.6,43.8
2026-03-16 10:14:14,101412,0.06,0.4,132.53,41.17,0.0495,0.3988,134.4,42.6
2026-03-16 10:14:14,101412,0.065,0.4,131.71,40.43,0.0553,0.4007,133.2,42.0
2026-03-16 10:14:14,101412,0.06999999999999999,0.4,130.88,39.69,0.0571,0.3986,133.2,41.4
2026-03-16 10:14:14,101412,0.07500000000000001,0.4,130.04,38.95,0.0629,0.4004,132.0,40.8
2026-03-16 10:14:14,101412,0.08000000000000002,0.4,129.2,38.23,0.0685,0.398,131.4,39.6
2026-03-16 10:14:14,101412,0.085,0.4,128.36,37.52,0.0743,0.3997,130.2,39.0
2026-03-16 10:14:14,101412,0.09000000000000001,0.4,127.5,36.82,0.0781,0.3994,129.6,38.4
2026-03-16 10:14:14,101412,0.095,0.4,126.64,36.13,0.0819,0.399,129.0,37.8
2026-03-16 10:14:14,101412,0.1,0.4,125.78,35.45,0.0879,0.4005,127.8,37.2
2026-03-16 10:14:14,101412,0.1,0.395,126.38,34.63,0.0933,0.3978,127.2,36.0
2026-03-16 10:14:15,101412,0.1,0.39,126.97,33.82,0.095,0.3955,127.2,35.4
2026-03-16 10:14:15,101412,0.1,0.385,127.56,33.0,0.0966,0.3932,127.2,34.8
2026-03-16 10:14:15,101412,0.1,0.38,128.13,32.2,0.0966,0.3932,127.2,34.8
2026-03-16 10:14:15,101412,0.1,0.375,128.69,31.39,0.0997,0.3885,127.2,33.6
2026-03-16 10:14:15,101412,0.1,0.37,129.24,30.59,0.1013,0.3861,127.2,33.0
2026-03-16 10:14:15,101412,0.1,0.365,129.79,29.79,0.1007,0.3818,127.8,32.4
2026-03-16 10:14:15,101412,0.1,0.36,130.32,28.99,0.1022,0.3794,127.8,31.8
2026-03-16 10:14:15,101412,0.1,0.355,130.85,28.2,0.103,0.3727,128.4,30.6
2026-03-16 10:14:15,101412,0.1,0.35,131.36,27.4,0.1008,0.3708,129.0,30.6
2026-03-16 10:14:15,101412,0.1,0.345,131.87,26.61,0.1016,0.364,129.6,29.4
2026-03-16 10:14:15,101412,0.1,0.34,132.36,25.82,0.1009,0.3596,130.2,28.8
2026-03-16 10:14:16,101412,0.1,0.33499999999999996,132.85,25.02,0.1002,0.3552,130.8,28.2
2026-03-16 10:14:16,101412,0.1,0.33,133.33,24.23,0.0994,0.3507,131.4,27.6
2026-03-16 10:14:16,101412,0.1,0.325,133.8,23.43,0.1007,0.3482,131.4,27.0
2026-03-16 10:14:16,101412,0.1,0.32,134.26,22.64,0.1013,0.3412,132.0,25.8
2026-03-16 10:14:16,101412,0.1,0.315,134.71,21.84,0.1005,0.3366,132.6,25.2
2026-03-16 10:14:16,101412,0.1,0.31,135.15,21.04,0.1029,0.3315,132.6,24.0
2026-03-16 10:14:16,101412,0.1,0.305,135.58,20.24,0.102,0.3269,133.2,23.4
2026-03-16 10:14:16,101412,0.1,0.3,136.01,19.43,0.1023,0.3197,133.8,22.2
2026-03-16 10:14:16,101412,0.09,0.3,138.19,21.26,0.1014,0.3151,134.4,21.6
2026-03-16 10:14:16,101412,0.08,0.3,140.36,23.14,0.0956,0.3087,136.2,21.6
2026-03-16 10:14:16,101412,0.07,0.3,142.52,25.08,0.0907,0.3069,137.4,22.2
2026-03-16 10:14:17,101412,0.06,0.3,144.66,27.06,0.0788,0.3083,139.8,24.6
2026-03-16 10:14:17,101412,0.05,0.3,146.78,29.08,0.0682,0.3068,142.2,26.4
2026-03-16 10:14:17,101412,0.04000000000000001,0.3,148.86,31.14,0.059,0.3025,144.6,27.6
2026-03-16 10:14:17,101412,0.030000000000000013,0.3,150.92,33.22,0.0459,0.3054,147.0,30.6
2026-03-16 10:14:17,101412,0.01999999999999999,0.3,152.94,35.34,0.0415,0.303,148.2,31.2
2026-03-16 10:14:17,101412,0.009999999999999995,0.3,154.92,37.48,0.0312,0.3053,150.0,33.6
2026-03-16 10:14:17,101412,0.0,0.3,156.86,39.64,0.0191,0.3097,151.8,36.6
2026-03-16 10:14:17,101412,-0.010000000000000009,0.3,158.74,41.81,0.0089,0.3066,154.2,38.4
2026-03-16 10:14:17,101412,-0.01999999999999999,0.3,160.57,43.99,0.0006,0.301,156.6,39.6
2026-03-16 10:14:17,101412,-0.03,0.3,162.34,46.19,-0.007,0.3025,157.8,41.4
2026-03-16 10:14:18,101412,-0.03999999999999998,0.3,164.05,48.38,-0.0158,0.3013,159.6,43.2
2026-03-16 10:14:18,101412,-0.05000000000000002,0.3,165.7,50.58,-0.0266,0.3021,161.4,45.6
2026-03-16 10:14:18,101412,-0.060000000000000026,0.3,167.28,52.78,-0.0404,0.3018,163.8,48.6
2026-03-16 10:14:18,101412,-0.07,0.3,168.79,54.98,-0.0514,0.3018,165.6,51.0
2026-03-16 10:14:18,101412,-0.08000000000000002,0.3,170.23,57.17,-0.0565,0.303,166.2,52.2
2026-03-16 10:14:18,101412,-0.09,0.3,171.59,59.35,-0.0654,0.3006,168.0,54.0
2026-03-16 10:14:18,101412,-0.1,0.3,172.88,61.53,-0.0759,0.3024,169.2,56.4
2026-03-16 10:14:18,101412,-0.1,0.305,171.89,61.76,-0.0848,0.2995,171.0,58.2
2026-03-16 10:14:18,101412,-0.1,0.31,170.91,62.0,-0.0896,0.3028,171.0,59.4
2026-03-16 10:14:18,101412,-0.1,0.315,169.93,62.26,-0.0914,0.307,170.4,60.0
2026-03-16 10:14:18,101412,-0.1,0.32,168.97,62.53,-0.0907,0.3097,169.8,60.0
2026-03-16 10:14:19,101412,-0.1,0.325,168.0,62.81,-0.0893,0.3151,168.6,60.0
2026-03-16 10:14:19,101412,-0.1,0.33,167.05,63.11,-0.0934,0.3209,168.0,61.2
2026-03-16 10:14:19,101412,-0.1,0.335,166.09,63.42,-0.0927,0.3236,167.4,61.2
2026-03-16 10:14:19,101412,-0.1,0.34,165.14,63.75,-0.0919,0.3262,166.8,61.2
2026-03-16 10:14:19,101412,-0.1,0.34500000000000003,164.19,64.09,-0.0903,0.3315,165.6,61.2
2026-03-16 10:14:19,101412,-0.1,0.35,163.25,64.44,-0.0918,0.3357,165.0,61.8
2026-03-16 10:14:19,101412,-0.1,0.355,162.31,64.81,-0.0916,0.3452,163.2,62.4
2026-03-16 10:14:19,101412,-0.1,0.36,161.37,65.19,-0.0906,0.3478,162.6,62.4
2026-03-16 10:14:19,101412,-0.1,0.365,160.43,65.59,-0.0921,0.3519,162.0,63.0
2026-03-16 10:14:19,101412,-0.1,0.37,159.49,65.99,-0.0911,0.3546,161.4,63.0
2026-03-16 10:14:19,101412,-0.1,0.375,158.55,66.42,-0.0914,0.3612,160.2,63.6
2026-03-16 10:14:20,101412,-0.1,0.38,157.62,66.85,-0.0917,0.3679,159.0,64.2
2026-03-16 10:14:20,101412,-0.1,0.385,156.68,67.3,-0.093,0.3719,158.4,64.8
2026-03-16 10:14:20,101412,-0.1,0.39,155.74,67.77,-0.0919,0.3745,157.8,64.8
2026-03-16 10:14:20,101412,-0.1,0.395,154.79,68.25,-0.092,0.381,156.6,65.4
2026-03-16 10:14:20,101412,-0.1,0.4,153.85,68.75,-0.0932,0.3849,156.0,66.0
2026-03-16 10:14:20,101412,-0.095,0.4,153.36,67.81,-0.0907,0.39,154.8,66.0
2026-03-16 10:14:20,101412,-0.09,0.4,152.86,66.87,-0.0919,0.3938,154.2,66.6
2026-03-16 10:14:20,101412,-0.085,0.4,152.35,65.94,-0.0905,0.3963,153.6,66.6
2026-03-16 10:14:20,101412,-0.08,0.4,151.82,65.01,-0.0881,0.395,153.6,66.0
2026-03-16 10:14:20,101412,-0.07500000000000001,0.4,151.28,64.09,-0.0843,0.3961,153.0,65.4
2026-03-16 10:14:21,101412,-0.07,0.4,150.73,63.17,-0.0829,0.3985,152.4,65.4
2026-03-16 10:14:21,101412,-0.065,0.4,150.17,62.25,-0.0753,0.4006,151.2,64.2
2026-03-16 10:14:21,101412,-0.06,0.4,149.59,61.34,-0.0704,0.3977,151.2,63.0
2026-03-16 10:14:21,101412,-0.055,0.4,149.0,60.43,-0.0642,0.3971,150.6,61.8
2026-03-16 10:14:21,101412,-0.05,0.4,148.4,59.53,-0.0604,0.398,150.0,61.2
2026-03-16 10:14:21,101412,-0.045,0.4,147.79,58.63,-0.0566,0.3988,149.4,60.6
2026-03-16 10:14:21,101412,-0.04000000000000001,0.4,147.16,57.74,-0.049,0.4004,148.2,59.4
2026-03-16 10:14:21,101412,-0.035,0.4,146.53,56.85,-0.0467,0.3988,148.2,58.8
2026-03-16 10:14:21,101412,-0.030000000000000013,0.4,145.88,55.97,-0.0406,0.3979,147.6,57.6
2026-03-16 10:14:21,101412,-0.024999999999999994,0.4,145.22,55.1,-0.0352,0.4009,146.4,57.0
2026-03-16 10:14:21,101412,-0.01999999999999999,0.4,144.55,54.22,-0.0291,0.3998,145.8,55.8
2026-03-16 10:14:22,101412,-0.015,0.4,143.87,53.36,-0.0253,0.4004,145.2,55.2
2026-03-16 10:14:22,101412,-0.009999999999999995,0.4,143.18,52.5,-0.0215,0.4009,144.6,54.6
2026-03-16 10:14:22,101412,-0.0050000000000000044,0.4,142.48,51.64,-0.0155,0.3996,144.0,53.4
2026-03-16 10:14:26,101426,0.0,0.4,141.77,50.8,-0.0057,0.3986,142.8,51.6
2026-03-16 10:14:27,101426,0.005000000000000001,0.4,141.05,49.96,-0.0057,0.3986,142.8,51.6
2026-03-16 10:14:27,101426,0.010000000000000002,0.4,140.31,49.12,0.0019,0.3994,141.6,50.4
2026-03-16 10:14:27,101426,0.015,0.4,139.57,48.29,0.0057,0.3997,141.0,49.8
2026-03-16 10:14:27,101426,0.020000000000000004,0.4,138.83,47.47,0.0095,0.3999,140.4,49.2
2026-03-16 10:14:27,101426,0.025,0.4,138.07,46.66,0.0151,0.4024,139.2,48.6
2026-03-16 10:14:27,101426,0.03,0.4,137.3,45.85,0.0191,0.3984,139.2,47.4
2026-03-16 10:14:27,101426,0.034999999999999996,0.4,136.53,45.05,0.0247,0.4007,138.0,46.8
2026-03-16 10:14:27,101426,0.04000000000000001,0.4,135.74,44.26,0.0305,0.3988,137.4,45.6
2026-03-16 10:14:27,101426,0.045000000000000005,0.4,134.95,43.47,0.0324,0.4009,136.8,45.6
2026-03-16 10:14:27,101426,0.05,0.4,134.15,42.7,0.0381,0.3989,136.2,44.4
2026-03-16 10:14:27,101426,0.05500000000000001,0.4,133.34,41.93,0.0419,0.3989,135.6,43.8
2026-03-16 10:14:28,101426,0.06,0.4,132.53,41.17,0.0476,0.4009,134.4,43.2
2026-03-16 10:14:28,101426,0.065,0.4,131.71,40.43,0.0533,0.3987,133.8,42.0
2026-03-16 10:14:28,101426,0.06999999999999999,0.4,130.88,39.69,0.0591,0.4006,132.6,41.4
2026-03-16 10:14:28,101426,0.07500000000000001,0.4,130.04,38.95,0.0629,0.4004,132.0,40.8
2026-03-16 10:14:28,101426,0.08000000000000002,0.4,129.2,38.23,0.0667,0.4002,131.4,40.2
2026-03-16 10:14:28,101426,0.085,0.4,128.36,37.52,0.0705,0.3999,130.8,39.6
2026-03-16 10:14:28,101426,0.09000000000000001,0.4,127.5,36.82,0.0781,0.3994,129.6,38.4
2026-03-16 10:14:28,101426,0.095,0.4,126.64,36.13,0.0857,0.3986,128.4,37.2
2026-03-16 10:14:28,101426,0.1,0.4,125.78,35.45,0.0857,0.3986,128.4,37.2
2026-03-16 10:14:28,101426,0.1,0.395,126.38,34.63,0.0933,0.3978,127.2,36.0
2026-03-16 10:14:28,101426,0.1,0.39,126.97,33.82,0.095,0.3955,127.2,35.4
2026-03-16 10:14:29,101426,0.1,0.385,127.56,33.0,0.0966,0.3932,127.2,34.8
2026-03-16 10:14:29,101426,0.1,0.38,128.13,32.2,0.0982,0.3908,127.2,34.2
2026-03-16 10:14:29,101426,0.1,0.375,128.69,31.39,0.0997,0.3885,127.2,33.6
2026-03-16 10:14:29,101426,0.1,0.37,129.24,30.59,0.1013,0.3861,127.2,33.0
2026-03-16 10:14:29,101426,0.1,0.365,129.79,29.79,0.1007,0.3818,127.8,32.4
2026-03-16 10:14:29,101426,0.1,0.36,130.32,28.99,0.1,0.3776,128.4,31.8
2026-03-16 10:14:29,101426,0.1,0.355,130.85,28.2,0.103,0.3727,128.4,30.6
2026-03-16 10:14:29,101426,0.1,0.35,131.36,27.4,0.1008,0.3708,129.0,30.6
2026-03-16 10:14:29,101426,0.1,0.345,131.87,26.61,0.1016,0.364,129.6,29.4
2026-03-16 10:14:29,101426,0.1,0.34,132.36,25.82,0.1009,0.3596,130.2,28.8
2026-03-16 10:14:30,101426,0.1,0.33499999999999996,132.85,25.02,0.1002,0.3552,130.8,28.2
2026-03-16 10:14:30,101426,0.1,0.33,133.33,24.23,0.0994,0.3507,131.4,27.6
2026-03-16 10:14:30,101426,0.1,0.325,133.8,23.43,0.102,0.3457,131.4,26.4
2026-03-16 10:14:30,101426,0.1,0.32,134.26,22.64,0.1013,0.3412,132.0,25.8
2026-03-16 10:14:30,101426,0.1,0.315,134.71,21.84,0.1005,0.3366,132.6,25.2
2026-03-16 10:14:30,101426,0.1,0.31,135.15,21.04,0.1009,0.3295,133.2,24.0
2026-03-16 10:14:30,101426,0.1,0.305,135.58,20.24,0.102,0.3269,133.2,23.4
2026-03-16 10:14:30,101426,0.1,0.3,136.01,19.43,0.1023,0.3197,133.8,22.2
2026-03-16 10:14:30,101426,0.09,0.3,138.19,21.26,0.1014,0.3151,134.4,21.6
2026-03-16 10:14:30,101426,0.08,0.3,140.36,23.14,0.0975,0.3108,135.6,21.6
2026-03-16 10:14:30,101426,0.07,0.3,142.52,25.08,0.0889,0.3047,138.0,22.2
2026-03-16 10:14:31,101426,0.06,0.3,144.66,27.06,0.0788,0.3083,139.8,24.6
2026-03-16 10:14:31,101426,0.05,0.3,146.78,29.08,0.0682,0.3068,142.2,26.4
2026-03-16 10:14:31,101426,0.04000000000000001,0.3,148.86,31.14,0.0593,0.3074,144.0,28.2
2026-03-16 10:14:31,101426,0.030000000000000013,0.3,150.92,33.22,0.0474,0.3078,146.4,30.6
2026-03-16 10:14:31,101426,0.01999999999999999,0.3,152.94,35.34,0.0385,0.303,148.8,31.8
2026-03-16 10:14:31,101426,0.009999999999999995,0.3,154.92,37.48,0.0312,0.3053,150.0,33.6
2026-03-16 10:14:31,101426,0.0,0.3,156.86,39.64,0.0223,0.305,151.8,35.4
2026-03-16 10:14:31,101426,-0.010000000000000009,0.3,158.74,41.81,0.0071,0.3089,154.2,39.0
2026-03-16 10:14:31,101426,-0.01999999999999999,0.3,160.57,43.99,-0.0036,0.3102,156.0,41.4
2026-03-16 10:14:31,101426,-0.03,0.3,162.34,46.19,-0.01,0.3022,158.4,42.0
2026-03-16 10:14:31,101426,-0.03999999999999998,0.3,164.05,48.38,-0.0177,0.3035,159.6,43.8
2026-03-16 10:14:32,101426,-0.05000000000000002,0.3,165.7,50.58,-0.0266,0.3021,161.4,45.6
2026-03-16 10:14:32,101426,-0.060000000000000026,0.3,167.28,52.78,-0.0395,0.3045,163.2,48.6
2026-03-16 10:14:32,101426,-0.07,0.3,168.79,54.98,-0.0505,0.3044,165.0,51.0
2026-03-16 10:14:32,101426,-0.08000000000000002,0.3,170.23,57.17,-0.0551,0.2984,166.8,51.6
2026-03-16 10:14:32,101426,-0.09,0.3,171.59,59.35,-0.0654,0.3006,168.0,54.0
2026-03-16 10:14:32,101426,-0.1,0.3,172.88,61.53,-0.0736,0.3006,169.2,55.8
2026-03-16 10:14:32,101426,-0.1,0.305,171.89,61.76,-0.0848,0.2995,171.0,58.2
2026-03-16 10:14:32,101426,-0.1,0.31,170.91,62.0,-0.092,0.3044,171.0,60.0
2026-03-16 10:14:32,101426,-0.1,0.315,169.93,62.26,-0.0907,0.3097,169.8,60.0
2026-03-16 10:14:32,101426,-0.1,0.32,168.97,62.53,-0.0907,0.3097,169.8,60.0
2026-03-16 10:14:33,101426,-0.1,0.325,168.0,62.81,-0.0925,0.314,169.2,60.6
2026-03-16 10:14:33,101426,-0.1,0.33,167.05,63.11,-0.0917,0.3167,168.6,60.6
2026-03-16 10:14:33,101426,-0.1,0.335,166.09,63.42,-0.0934,0.3209,168.0,61.2
2026-03-16 10:14:33,101426,-0.1,0.34,165.14,63.75,-0.0919,0.3262,166.8,61.2
2026-03-16 10:14:33,101426,-0.1,0.34500000000000003,164.19,64.09,-0.0911,0.3289,166.2,61.2
2026-03-16 10:14:33,101426,-0.1,0.35,163.25,64.44,-0.0918,0.3357,165.0,61.8
2026-03-16 10:14:33,101426,-0.1,0.355,162.31,64.81,-0.0925,0.3426,163.8,62.4
2026-03-16 10:14:33,101426,-0.1,0.36,161.37,65.19,-0.0906,0.3478,162.6,62.4
2026-03-16 10:14:33,101426,-0.1,0.365,160.43,65.59,-0.0911,0.3546,161.4,63.0
2026-03-16 10:14:33,101426,-0.1,0.37,159.49,65.99,-0.0911,0.3546,161.4,63.0
2026-03-16 10:14:33,101426,-0.1,0.375,158.55,66.42,-0.0914,0.3612,160.2,63.6
2026-03-16 10:14:34,101426,-0.1,0.38,157.62,66.85,-0.0928,0.3653,159.6,64.2
2026-03-16 10:14:34,101426,-0.1,0.385,156.68,67.3,-0.0906,0.3705,158.4,64.2
2026-03-16 10:14:34,101426,-0.1,0.39,155.74,67.77,-0.0907,0.377,157.2,64.8
2026-03-16 10:14:34,101426,-0.1,0.395,154.79,68.25,-0.092,0.381,156.6,65.4
2026-03-16 10:14:34,101426,-0.1,0.4,153.85,68.75,-0.0932,0.3849,156.0,66.0
2026-03-16 10:14:34,101426,-0.095,0.4,153.36,67.81,-0.0907,0.39,154.8,66.0
2026-03-16 10:14:34,101426,-0.09,0.4,152.86,66.87,-0.0894,0.3925,154.2,66.0
2026-03-16 10:14:34,101426,-0.085,0.4,152.35,65.94,-0.0881,0.395,153.6,66.0
2026-03-16 10:14:34,101426,-0.08,0.4,151.82,65.01,-0.0881,0.395,153.6,66.0
2026-03-16 10:14:34,101426,-0.07500000000000001,0.4,151.28,64.09,-0.0867,0.3975,153.0,66.0
2026-03-16 10:14:34,101426,-0.07,0.4,150.73,63.17,-0.0805,0.3971,152.4,64.8
2026-03-16 10:14:35,101426,-0.065,0.4,150.17,62.25,-0.0767,0.3982,151.8,64.2
2026-03-16 10:14:35,101426,-0.06,0.4,149.59,61.34,-0.0704,0.3977,151.2,63.0
2026-03-16 10:14:35,101426,-0.055,0.4,149.0,60.43,-0.0666,0.3986,150.6,62.4
2026-03-16 10:14:35,101426,-0.05,0.4,148.4,59.53,-0.0628,0.3995,150.0,61.8
2026-03-16 10:14:35,101426,-0.045,0.4,147.79,58.63,-0.059,0.4004,149.4,61.2
2026-03-16 10:14:35,101426,-0.04000000000000001,0.4,147.16,57.74,-0.0528,0.3997,148.8,60.0
2026-03-16 10:14:35,101426,-0.035,0.4,146.53,56.85,-0.0467,0.3988,148.2,58.8
2026-03-16 10:14:35,101426,-0.030000000000000013,0.4,145.88,55.97,-0.0406,0.3979,147.6,57.6
2026-03-16 10:14:35,101426,-0.024999999999999994,0.4,145.22,55.1,-0.0368,0.3985,147.0,57.0
2026-03-16 10:14:35,101426,-0.01999999999999999,0.4,144.55,54.22,-0.0314,0.4015,145.8,56.4
2026-03-16 10:14:36,101426,-0.015,0.4,143.87,53.36,-0.0253,0.4004,145.2,55.2
2026-03-16 10:14:36,101426,-0.009999999999999995,0.4,143.18,52.5,-0.0215,0.4009,144.6,54.6
2026-03-16 10:14:36,101426,-0.0050000000000000044,0.4,142.48,51.64,-0.0155,0.3996,144.0,53.4
2026-03-16 10:14:38,101438,0.0,0.4,141.77,50.8,-0.0074,0.3964,143.4,51.6
2026-03-16 10:14:38,101438,0.005000000000000001,0.4,141.05,49.96,-0.0057,0.3986,142.8,51.6
2026-03-16 10:14:38,101438,0.010000000000000002,0.4,140.31,49.12,-0.0002,0.4013,141.6,51.0
2026-03-16 10:14:38,101438,0.015,0.4,139.57,48.29,0.0039,0.3974,141.6,49.8
2026-03-16 10:14:38,101438,0.020000000000000004,0.4,138.83,47.47,0.0095,0.3999,140.4,49.2
2026-03-16 10:14:38,101438,0.025,0.4,138.07,46.66,0.0153,0.3982,139.8,48.0
2026-03-16 10:14:38,101438,0.03,0.4,137.3,45.85,0.0171,0.4004,139.2,48.0
2026-03-16 10:14:39,101438,0.034999999999999996,0.4,136.53,45.05,0.0247,0.4007,138.0,46.8
2026-03-16 10:14:39,101438,0.04000000000000001,0.4,135.74,44.26,0.0267,0.3987,138.0,46.2
2026-03-16 10:14:39,101438,0.045000000000000005,0.4,134.95,43.47,0.0324,0.4009,136.8,45.6
2026-03-16 10:14:39,101438,0.05,0.4,134.15,42.7,0.0381,0.3989,136.2,44.4
2026-03-16 10:14:39,101438,0.05500000000000001,0.4,133.34,41.93,0.0438,0.401,135.0,43.8
2026-03-16 10:14:39,101438,0.06,0.4,132.53,41.17,0.0476,0.4009,134.4,43.2
2026-03-16 10:14:39,101438,0.065,0.4,131.71,40.43,0.0515,0.4008,133.8,42.6
2026-03-16 10:14:39,101438,0.06999999999999999,0.4,130.88,39.69,0.0571,0.3986,133.2,41.4
2026-03-16 10:14:39,101438,0.07500000000000001,0.4,130.04,38.95,0.0647,0.3982,132.0,40.2
2026-03-16 10:14:39,101438,0.08000000000000002,0.4,129.2,38.23,0.0667,0.4002,131.4,40.2
2026-03-16 10:14:39,101438,0.085,0.4,128.36,37.52,0.0743,0.3997,130.2,39.0
2026-03-16 10:14:40,101438,0.09000000000000001,0.4,127.5,36.82,0.0781,0.3994,129.6,38.4
2026-03-16 10:14:40,101438,0.095,0.4,126.64,36.13,0.0819,0.399,129.0,37.8
2026-03-16 10:14:40,101438,0.1,0.4,125.78,35.45,0.0895,0.3982,127.8,36.6
2026-03-16 10:14:40,101438,0.1,0.395,126.38,34.63,0.0917,0.4001,127.2,36.6
2026-03-16 10:14:40,101438,0.1,0.39,126.97,33.82,0.0933,0.3978,127.2,36.0
2026-03-16 10:14:40,101438,0.1,0.385,127.56,33.0,0.095,0.3955,127.2,35.4
2026-03-16 10:14:40,101438,0.1,0.38,128.13,32.2,0.0966,0.3932,127.2,34.8
2026-03-16 10:14:40,101438,0.1,0.375,128.69,31.39,0.0997,0.3885,127.2,33.6
2026-03-16 10:14:40,101438,0.1,0.37,129.24,30.59,0.0976,0.3866,127.8,33.6
2026-03-16 10:14:40,101438,0.1,0.365,129.79,29.79,0.1007,0.3818,127.8,32.4
2026-03-16 10:14:40,101438,0.1,0.36,130.32,28.99,0.1,0.3776,128.4,31.8
2026-03-16 10:14:41,101438,0.1,0.355,130.85,28.2,0.0994,0.3732,129.0,31.2
2026-03-16 10:14:41,101438,0.1,0.35,131.36,27.4,0.1002,0.3665,129.6,30.0
2026-03-16 10:14:41,101438,0.1,0.345,131.87,26.61,0.0981,0.3645,130.2,30.0
2026-03-16 10:14:41,101438,0.1,0.34,132.36,25.82,0.1009,0.3596,130.2,28.8
2026-03-16 10:14:41,101438,0.1,0.33499999999999996,132.85,25.02,0.1002,0.3552,130.8,28.2
2026-03-16 10:14:41,101438,0.1,0.33,133.33,24.23,0.1015,0.3527,130.8,27.6
2026-03-16 10:14:41,101438,0.1,0.325,133.8,23.43,0.102,0.3457,131.4,26.4
2026-03-16 10:14:41,101438,0.1,0.32,134.26,22.64,0.1025,0.3386,132.0,25.2
2026-03-16 10:14:41,101438,0.1,0.315,134.71,21.84,0.1005,0.3366,132.6,25.2
2026-03-16 10:14:41,101438,0.1,0.31,135.15,21.04,0.1009,0.3295,133.2,24.0
2026-03-16 10:14:42,101438,0.1,0.305,135.58,20.24,0.102,0.3269,133.2,23.4
2026-03-16 10:14:42,101438,0.1,0.3,136.01,19.43,0.1023,0.3197,133.8,22.2
2026-03-16 10:14:42,101438,0.09,0.3,138.19,21.26,0.1014,0.3151,134.4,21.6
2026-03-16 10:14:42,101438,0.08,0.3,140.36,23.14,0.0975,0.3108,135.6,21.6
2026-03-16 10:14:42,101438,0.07,0.3,142.52,25.08,0.0907,0.3069,137.4,22.2
2026-03-16 10:14:42,101438,0.06,0.3,144.66,27.06,0.08,0.3058,139.8,24.0
2026-03-16 10:14:42,101438,0.05,0.3,146.78,29.08,0.0711,0.3066,141.6,25.8
2026-03-16 10:14:42,101438,0.04000000000000001,0.3,148.86,31.14,0.0547,0.3051,145.2,28.8
2026-03-16 10:14:42,101438,0.030000000000000013,0.3,150.92,33.22,0.049,0.3102,145.8,30.6
2026-03-16 10:14:42,101438,0.01999999999999999,0.3,152.94,35.34,0.0415,0.303,148.2,31.2
2026-03-16 10:14:42,101438,0.009999999999999995,0.3,154.92,37.48,0.0327,0.3029,150.0,33.0
2026-03-16 10:14:43,101438,0.0,0.3,156.86,39.64,0.0194,0.3049,152.4,36.0
2026-03-16 10:14:43,101438,-0.010000000000000009,0.3,158.74,41.81,0.0059,0.3063,154.8,39.0
2026-03-16 10:14:43,101438,-0.01999999999999999,0.3,160.57,43.99,-0.0018,0.308,156.0,40.8
2026-03-16 10:14:43,101438,-0.03,0.3,162.34,46.19,-0.0089,0.3047,157.8,42.0
2026-03-16 10:14:43,101438,-0.03999999999999998,0.3,164.05,48.38,-0.0188,0.3009,160.2,43.8
2026-03-16 10:14:43,101438,-0.05000000000000002,0.3,165.7,50.58,-0.0275,0.2995,162.0,45.6
2026-03-16 10:14:43,101438,-0.060000000000000026,0.3,167.28,52.78,-0.0392,0.2972,164.4,48.0
2026-03-16 10:14:43,101438,-0.07,0.3,168.79,54.98,-0.0505,0.3044,165.0,51.0
2026-03-16 10:14:43,101438,-0.08000000000000002,0.3,170.23,57.17,-0.0543,0.3011,166.2,51.6
2026-03-16 10:14:43,101438,-0.09,0.3,171.59,59.35,-0.0654,0.3006,168.0,54.0
2026-03-16 10:14:43,101438,-0.1,0.3,172.88,61.53,-0.0766,0.2997,169.8,56.4
2026-03-16 10:14:44,101438,-0.1,0.305,171.89,61.76,-0.0842,0.3021,170.4,58.2
2026-03-16 10:14:44,101438,-0.1,0.31,170.91,62.0,-0.092,0.3044,171.0,60.0
2026-03-16 10:14:44,101438,-0.1,0.315,169.93,62.26,-0.0914,0.307,170.4,60.0
2026-03-16 10:14:44,101438,-0.1,0.32,168.97,62.53,-0.0907,0.3097,169.8,60.0
2026-03-16 10:14:44,101438,-0.1,0.325,168.0,62.81,-0.0925,0.314,169.2,60.6
2026-03-16 10:14:44,101438,-0.1,0.33,167.05,63.11,-0.0917,0.3167,168.6,60.6
2026-03-16 10:14:44,101438,-0.1,0.335,166.09,63.42,-0.0934,0.3209,168.0,61.2
2026-03-16 10:14:44,101438,-0.1,0.34,165.14,63.75,-0.0919,0.3262,166.8,61.2
2026-03-16 10:14:44,101438,-0.1,0.34500000000000003,164.19,64.09,-0.0927,0.3331,165.6,61.8
2026-03-16 10:14:44,101438,-0.1,0.35,163.25,64.44,-0.091,0.3384,164.4,61.8
2026-03-16 10:14:44,101438,-0.1,0.355,162.31,64.81,-0.0925,0.3426,163.8,62.4
2026-03-16 10:14:45,101438,-0.1,0.36,161.37,65.19,-0.094,0.3467,163.2,63.0
2026-03-16 10:14:45,101438,-0.1,0.365,160.43,65.59,-0.0921,0.3519,162.0,63.0
2026-03-16 10:14:45,101438,-0.1,0.37,159.49,65.99,-0.0901,0.3572,160.8,63.0
2026-03-16 10:14:45,101438,-0.1,0.375,158.55,66.42,-0.0914,0.3612,160.2,63.6
2026-03-16 10:14:45,101438,-0.1,0.38,157.62,66.85,-0.0928,0.3653,159.6,64.2
2026-03-16 10:14:45,101438,-0.1,0.385,156.68,67.3,-0.093,0.3719,158.4,64.8
2026-03-16 10:14:45,101438,-0.1,0.39,155.74,67.77,-0.0907,0.377,157.2,64.8
2026-03-16 10:14:45,101438,-0.1,0.395,154.79,68.25,-0.0907,0.3835,156.0,65.4
2026-03-16 10:14:45,101438,-0.1,0.4,153.85,68.75,-0.0932,0.3849,156.0,66.0
2026-03-16 10:14:45,101438,-0.095,0.4,153.36,67.81,-0.0907,0.39,154.8,66.0
2026-03-16 10:14:46,101438,-0.09,0.4,152.86,66.87,-0.0894,0.3925,154.2,66.0
2026-03-16 10:14:46,101438,-0.085,0.4,152.35,65.94,-0.0881,0.395,153.6,66.0
2026-03-16 10:14:46,101438,-0.08,0.4,151.82,65.01,-0.0867,0.3975,153.0,66.0
2026-03-16 10:14:46,101438,-0.07500000000000001,0.4,151.28,64.09,-0.0867,0.3975,153.0,66.0
2026-03-16 10:14:46,101438,-0.07,0.4,150.73,63.17,-0.0805,0.3971,152.4,64.8
2026-03-16 10:14:46,101438,-0.065,0.4,150.17,62.25,-0.0767,0.3982,151.8,64.2
2026-03-16 10:14:46,101438,-0.06,0.4,149.59,61.34,-0.0704,0.3977,151.2,63.0
2026-03-16 10:14:46,101438,-0.055,0.4,149.0,60.43,-0.0666,0.3986,150.6,62.4
2026-03-16 10:14:46,101438,-0.05,0.4,148.4,59.53,-0.0628,0.3995,150.0,61.8
2026-03-16 10:14:46,101438,-0.045,0.4,147.79,58.63,-0.0566,0.3988,149.4,60.6
2026-03-16 10:14:46,101438,-0.04000000000000001,0.4,147.16,57.74,-0.0505,0.3981,148.8,59.4
2026-03-16 10:14:47,101438,-0.035,0.4,146.53,56.85,-0.0452,0.4012,147.6,58.8
2026-03-16 10:14:47,101438,-0.030000000000000013,0.4,145.88,55.97,-0.0413,0.4019,147.0,58.2
2026-03-16 10:14:47,101438,-0.024999999999999994,0.4,145.22,55.1,-0.0368,0.3985,147.0,57.0
2026-03-16 10:14:47,101438,-0.01999999999999999,0.4,144.55,54.22,-0.033,0.3992,146.4,56.4
2026-03-16 10:14:47,101438,-0.015,0.4,143.87,53.36,-0.0253,0.4004,145.2,55.2
2026-03-16 10:14:47,101438,-0.009999999999999995,0.4,143.18,52.5,-0.0215,0.4009,144.6,54.6
2026-03-16 10:14:47,101438,-0.0050000000000000044,0.4,142.48,51.64,-0.0155,0.3996,144.0,53.4
