Horodatage,Essai_ID,X_Voulu,Y_Voulu,Theta1_Cible,Theta4_Cible,Correction_M1,Correction_M2,X_Encodeur,Y_Encodeur,Theta1_Encodeur,Theta4_Encodeur,Courant1,Courant4,Tau1,Tau4,Force1,Force4,Jacobien
2026-04-19 17:25:37,1,0.0,0.4,141.77,50.8,15.0,-1.95,0.0486,0.4556,126.0,51.6,0.0,0.02,-0.107,-0.098,-0.193,-0.074,2.7953
2026-04-19 17:25:37,2,0.0016666666666666668,0.4,141.53,50.52,10.84,-1.02,0.0486,0.4556,126.0,51.6,0.0,0.02,-0.107,-0.098,-0.193,-0.074,2.7953
2026-04-19 17:25:37,3,0.0033333333333333335,0.4,141.29,50.24,15.0,-1.65,0.0442,0.4521,127.2,51.6,0.63,0.03,-0.205,-0.091,0.475,1.328,0.0174
2026-04-19 17:25:37,4,0.005000000000000001,0.4,141.05,49.96,12.74,-2.1,0.0317,0.4409,130.8,51.6,0.22,0.05,-0.002,-0.085,-0.303,-0.315,0.2291
2026-04-19 17:25:37,5,0.006666666666666667,0.4,140.8,49.68,6.8,-2.63,0.0102,0.4185,137.4,51.6,0.01,0.05,-0.106,-0.084,-0.245,-0.119,1.2273
2026-04-19 17:25:37,6,0.008333333333333333,0.4,140.56,49.4,11.07,-3.2,0.0083,0.4164,138.0,51.6,0.01,0.08,-0.104,-0.069,-0.211,-0.056,2.2666
2026-04-19 17:25:37,7,0.010000000000000002,0.4,140.31,49.12,11.84,-3.83,0.0102,0.4185,137.4,51.6,0.01,0.1,0.106,-0.06,0.152,0.023,1.2273
2026-04-19 17:25:37,8,0.011666666666666667,0.4,140.07,48.84,11.71,-4.49,0.0102,0.4185,137.4,51.6,0.01,0.18,0.106,-0.017,0.18,0.052,1.2273
2026-04-19 17:25:37,9,0.013333333333333334,0.4,139.82,48.57,12.01,-5.21,0.0102,0.4185,137.4,51.6,0.01,0.22,0.106,-0.003,0.189,0.061,1.2273
2026-04-19 17:25:37,10,0.015,0.4,139.57,48.29,12.19,-5.97,0.0102,0.4185,137.4,51.6,0.0,0.13,0.106,-0.045,0.162,0.034,1.2273
2026-04-19 17:25:37,11,0.016666666666666666,0.4,139.33,48.02,12.35,-6.77,0.0102,0.4185,137.4,51.6,0.0,0.26,0.107,-0.022,0.178,0.049,1.2273
2026-04-19 17:25:37,12,0.018333333333333333,0.4,139.08,47.74,12.45,-6.68,0.0123,0.4166,137.4,51.0,0.0,0.21,0.106,0.004,0.154,0.018,4.7856
2026-04-19 17:25:38,13,0.020000000000000004,0.4,138.83,47.47,12.51,-7.0,0.0144,0.4147,137.4,50.4,0.01,0.22,0.102,0.0,0.098,0.007,14.4855
2026-04-19 17:25:38,14,0.021666666666666667,0.4,138.57,47.2,12.53,-7.21,0.0165,0.4128,137.4,49.8,0.02,0.21,0.1,0.006,-0.103,-0.021,7.5137
2026-04-19 17:25:38,15,0.023333333333333334,0.4,138.32,46.93,12.51,-6.42,0.0206,0.4089,137.4,48.6,0.02,0.21,0.096,0.003,-0.022,-0.13,0.6272
2026-04-19 17:25:38,16,0.025,0.4,138.07,46.66,12.42,-7.82,0.0206,0.4089,137.4,48.6,0.01,0.25,0.102,0.016,-0.008,-0.132,0.6272
2026-04-19 17:25:38,17,0.02666666666666667,0.4,137.81,46.39,13.27,-7.3,0.0244,0.409,136.8,48.0,0.01,0.19,0.101,0.013,0.589,-0.28,0.1043
2026-04-19 17:25:38,18,0.028333333333333335,0.4,137.56,46.12,12.72,-7.37,0.0264,0.407,136.8,47.4,0.02,0.26,0.1,0.022,0.409,-0.074,0.2202
2026-04-19 17:25:38,19,0.03,0.4,137.3,45.85,12.69,-8.21,0.0264,0.407,136.8,47.4,0.01,0.28,0.106,0.03,0.449,-0.074,0.2202
2026-04-19 17:25:38,20,0.03166666666666667,0.4,137.04,45.58,12.55,-7.7,0.0284,0.405,136.8,46.8,0.03,0.27,0.092,0.025,34.062,9.534,0.0027
2026-04-19 17:25:38,21,0.03333333333333333,0.4,136.78,45.32,12.36,-7.7,0.0304,0.403,136.8,46.2,0.02,0.24,0.1,0.011,-0.055,-0.042,-1.2867
2026-04-19 17:25:38,22,0.034999999999999996,0.4,136.53,45.05,13.07,-7.54,0.0342,0.403,136.2,45.6,0.02,0.22,0.097,0.001,-0.008,-0.051,-0.7304
2026-04-19 17:25:38,23,0.03666666666666667,0.4,136.27,44.79,13.36,-7.34,0.0381,0.4031,135.6,45.0,0.02,0.25,0.1,0.014,-0.041,-0.029,-0.5535
2026-04-19 17:25:39,24,0.03833333333333334,0.4,136.0,44.52,12.83,-8.02,0.0381,0.4031,135.6,45.0,0.0,0.2,0.107,0.007,0.015,-0.025,-0.5535
2026-04-19 17:25:39,25,0.04000000000000001,0.4,135.74,44.26,12.74,-7.31,0.04,0.401,135.6,44.4,0.0,0.25,0.107,0.016,-0.606,0.736,0.1169
2026-04-19 17:25:39,26,0.04166666666666667,0.4,135.48,44.0,12.52,-8.07,0.04,0.401,135.6,44.4,0.04,0.27,0.089,0.027,-0.538,0.633,0.1169
2026-04-19 17:25:39,27,0.043333333333333335,0.4,135.21,43.73,13.21,-8.28,0.0419,0.4031,135.0,44.4,0.02,0.23,0.097,0.008,-0.021,0.038,3.6564
2026-04-19 17:25:39,28,0.045000000000000005,0.4,134.95,43.47,12.53,-7.69,0.0438,0.401,135.0,43.8,0.0,0.23,0.106,0.005,0.043,0.061,-1.5708
2026-04-19 17:25:39,29,0.04666666666666667,0.4,134.68,43.22,12.37,-8.46,0.0438,0.401,135.0,43.8,0.0,0.26,0.107,0.022,0.058,0.055,-1.5708
2026-04-19 17:25:39,30,0.04833333333333334,0.4,134.42,42.96,13.01,-7.76,0.0476,0.4009,134.4,43.2,0.03,0.3,0.091,0.042,-0.097,-0.185,0.3777
2026-04-19 17:25:39,31,0.05,0.4,134.15,42.7,13.24,-8.52,0.0496,0.403,133.8,43.2,0.02,0.2,0.099,0.01,-0.138,-0.349,0.111
2026-04-19 17:25:39,32,0.05166666666666667,0.4,133.88,42.44,12.65,-7.8,0.0515,0.4008,133.8,42.6,0.01,0.26,0.106,0.02,0.007,-0.138,0.6779
2026-04-19 17:25:39,33,0.05333333333333334,0.4,133.61,42.19,12.5,-8.56,0.0515,0.4008,133.8,42.6,0.0,0.27,0.107,0.024,0.012,-0.144,0.6779
2026-04-19 17:25:39,34,0.05500000000000001,0.4,133.34,41.93,13.17,-7.82,0.0553,0.4007,133.2,42.0,0.02,0.19,0.096,0.016,0.032,-0.086,1.3436
2026-04-19 17:25:39,35,0.05666666666666667,0.4,133.07,41.68,13.41,-7.61,0.0591,0.4006,132.6,41.4,0.02,0.22,0.098,0.001,0.047,-0.078,1.0204
2026-04-19 17:25:40,36,0.05833333333333334,0.4,132.8,41.43,12.85,-8.19,0.0591,0.4006,132.6,41.4,0.0,0.21,0.107,0.006,0.058,-0.087,1.0204
2026-04-19 17:25:40,37,0.06,0.4,132.53,41.17,12.71,-7.39,0.0609,0.3984,132.6,40.8,0.0,0.26,0.107,0.023,-0.407,0.056,-0.3367
2026-04-19 17:25:40,38,0.061666666666666675,0.4,132.26,40.92,12.44,-8.04,0.0609,0.3984,132.6,40.8,0.03,0.21,0.091,0.005,-0.21,0.017,-0.3367
2026-04-19 17:25:40,39,0.06333333333333334,0.4,131.98,40.67,13.09,-8.16,0.0629,0.4004,132.0,40.8,0.02,0.17,0.098,0.023,-0.013,-0.051,-6.1724
2026-04-19 17:25:40,40,0.065,0.4,131.71,40.43,13.3,-7.47,0.0667,0.4002,131.4,40.2,0.01,0.23,0.102,0.006,0.533,0.231,0.136
2026-04-19 17:25:40,41,0.06666666666666667,0.4,131.43,40.18,12.71,-7.19,0.0685,0.398,131.4,39.6,0.01,0.23,0.105,0.008,0.563,0.364,0.1777
2026-04-19 17:25:40,42,0.06833333333333334,0.4,131.16,39.93,12.53,-7.71,0.0685,0.398,131.4,39.6,0.01,0.17,0.105,0.024,0.647,0.435,0.1777
2026-04-19 17:25:40,43,0.06999999999999999,0.4,130.88,39.69,12.24,-7.8,0.0685,0.398,131.4,39.6,0.02,0.18,0.097,0.017,0.57,0.378,0.1777
2026-04-19 17:25:40,44,0.07166666666666667,0.4,130.6,39.44,12.85,-8.02,0.0705,0.3999,130.8,39.6,0.02,0.18,0.1,0.018,-0.098,-0.132,-0.5915
2026-04-19 17:25:40,45,0.07333333333333333,0.4,130.32,39.2,13.03,-7.31,0.0743,0.3997,130.2,39.0,0.03,0.18,0.092,0.019,-0.011,-0.094,-1.0332
2026-04-19 17:25:40,46,0.07500000000000001,0.4,130.04,38.95,12.4,-7.98,0.0743,0.3997,130.2,39.0,0.02,0.17,0.1,0.023,-0.014,-0.104,-1.0332
2026-04-19 17:25:40,47,0.07666666666666667,0.4,129.76,38.71,12.19,-7.17,0.0761,0.3974,130.2,38.4,0.01,0.21,0.102,0.003,-0.163,-0.448,-0.1953
2026-04-19 17:25:41,48,0.07833333333333334,0.4,129.48,38.47,12.81,-7.83,0.0781,0.3994,129.6,38.4,0.02,0.23,0.097,0.007,0.111,-0.213,-0.4137
2026-04-19 17:25:41,49,0.08000000000000002,0.4,129.2,38.23,13.0,-7.94,0.0802,0.4013,129.0,38.4,0.01,0.2,0.105,0.008,-0.599,1.078,0.0902
2026-04-19 17:25:41,50,0.08166666666666667,0.4,128.92,38.0,12.38,-7.25,0.0819,0.399,129.0,37.8,0.01,0.19,0.103,0.015,-0.031,0.048,2.8991
2026-04-19 17:25:41,51,0.08333333333333334,0.4,128.64,37.76,12.19,-7.91,0.0819,0.399,129.0,37.8,0.05,0.19,0.082,0.016,-0.027,0.037,2.8991
2026-04-19 17:25:41,52,0.085,0.4,128.36,37.52,12.81,-8.04,0.0841,0.4009,128.4,37.8,0.03,0.16,0.096,0.029,0.144,0.081,-0.5648
2026-04-19 17:25:41,53,0.08666666666666667,0.4,128.07,37.29,12.07,-7.36,0.0857,0.3986,128.4,37.2,0.01,0.16,0.105,0.028,-0.615,-0.472,0.1096
2026-04-19 17:25:41,54,0.08833333333333333,0.4,127.79,37.05,12.79,-8.04,0.0879,0.4005,127.8,37.2,0.01,0.2,0.105,0.01,-0.127,-0.093,0.26
2026-04-19 17:25:41,55,0.09000000000000001,0.4,127.5,36.82,12.04,-8.19,0.0879,0.4005,127.8,37.2,0.02,0.19,0.101,0.016,-0.132,-0.116,0.26
2026-04-19 17:25:41,56,0.09166666666666667,0.4,127.22,36.59,11.82,-7.52,0.0895,0.3982,127.8,36.6,0.02,0.2,0.1,0.008,-0.043,-0.109,0.5084
2026-04-19 17:25:41,57,0.09333333333333334,0.4,126.93,36.36,13.34,-8.21,0.0939,0.4019,126.6,36.6,0.03,0.2,0.094,0.01,0.158,-0.446,0.2021
2026-04-19 17:25:41,58,0.095,0.4,126.64,36.13,12.17,-7.42,0.0955,0.3996,126.6,36.0,0.01,0.13,0.102,0.044,0.046,-0.171,0.8257
2026-04-19 17:25:41,59,0.09666666666666668,0.4,126.35,35.9,13.03,-7.15,0.0993,0.3991,126.0,35.4,0.01,0.08,0.104,0.069,0.103,-0.107,0.9859
2026-04-19 17:25:42,60,0.09833333333333333,0.4,126.06,35.68,12.33,-5.77,0.1025,0.3945,126.0,34.2,0.0,0.06,0.107,0.079,-0.016,-0.032,-5.1651
2026-04-19 17:25:42,61,0.1,0.4,125.78,35.45,13.11,-5.7,0.1063,0.3939,125.4,33.6,0.01,0.03,0.105,0.095,4.032,2.621,0.0422
2026-04-19 17:25:42,62,0.1,0.3983333333333334,125.98,35.18,13.19,-5.98,0.1063,0.3939,125.4,33.6,0.0,0.03,0.106,0.092,3.987,2.59,0.0422
2026-04-19 17:25:42,63,0.1,0.39666666666666667,126.18,34.9,14.45,-5.91,0.1085,0.3957,124.8,33.6,0.08,0.06,0.068,0.077,-0.694,-0.476,-0.2144
2026-04-19 17:25:42,64,0.1,0.395,126.38,34.63,14.36,-5.94,0.1085,0.3957,124.8,33.6,0.13,0.06,0.045,0.08,-0.658,-0.438,-0.2144
2026-04-19 17:25:42,65,0.1,0.39333333333333337,126.58,34.36,14.88,-6.0,0.1085,0.3957,124.8,33.6,0.26,0.08,0.021,0.07,-0.533,-0.345,-0.2144
2026-04-19 17:25:42,66,0.1,0.39166666666666666,126.78,34.09,15.0,-6.13,0.1085,0.3957,124.8,33.6,0.26,0.08,0.018,0.069,-0.524,-0.338,-0.2144
2026-04-19 17:25:42,67,0.1,0.39,126.97,33.82,14.59,-6.27,0.1063,0.3939,125.4,33.6,0.31,0.12,-0.045,0.046,0.364,0.291,0.0422
2026-04-19 17:25:42,68,0.1,0.38833333333333336,127.17,33.54,15.0,-6.48,0.1063,0.3939,125.4,33.6,0.32,0.12,-0.048,0.047,0.329,0.27,0.0422
2026-04-19 17:25:42,69,0.1,0.38666666666666666,127.36,33.27,15.0,-6.72,0.1063,0.3939,125.4,33.6,0.37,0.18,-0.078,0.021,-0.786,-0.455,0.0422
2026-04-19 17:25:42,70,0.1,0.385,127.56,33.0,15.0,-7.02,0.1063,0.3939,125.4,33.6,0.35,0.21,-0.065,0.002,-1.05,-0.645,0.0422
2026-04-19 17:25:42,71,0.1,0.38333333333333336,127.75,32.73,15.0,-7.36,0.1063,0.3939,125.4,33.6,0.43,0.21,-0.103,0.005,-1.607,-0.984,0.0422
2026-04-19 17:25:43,72,0.1,0.3816666666666667,127.94,32.47,15.0,-7.74,0.1063,0.3939,125.4,33.6,0.41,0.29,-0.097,0.037,-0.723,-0.393,0.0422
2026-04-19 17:25:43,73,0.1,0.38,128.13,32.2,15.0,-8.16,0.1041,0.3921,126.0,33.6,0.04,0.25,-0.089,0.014,0.527,0.406,-0.0714
2026-04-19 17:25:43,74,0.1,0.37833333333333335,128.32,31.93,15.0,-7.7,0.1035,0.3879,126.6,33.0,0.01,0.23,-0.101,0.005,0.033,0.091,2.201
2026-04-19 17:25:43,75,0.1,0.3766666666666667,128.5,31.66,15.0,-7.64,0.105,0.3855,126.6,32.4,0.02,0.18,-0.1,0.021,0.076,-0.477,0.0516
2026-04-19 17:25:43,76,0.1,0.375,128.69,31.39,15.0,-7.47,0.1065,0.3832,126.6,31.8,0.03,0.16,-0.094,0.027,0.115,0.031,-1.1791
2026-04-19 17:25:43,77,0.1,0.37333333333333335,128.88,31.12,15.0,-7.24,0.1058,0.3789,127.2,31.2,0.04,0.2,-0.09,0.009,0.084,0.025,-0.659
2026-04-19 17:25:43,78,0.1,0.3716666666666667,129.06,30.86,15.0,-7.91,0.1058,0.3789,127.2,31.2,0.02,0.17,-0.099,0.022,0.099,0.049,-0.659
2026-04-19 17:25:43,79,0.1,0.37,129.24,30.59,15.0,-7.19,0.1073,0.3765,127.2,30.6,0.04,0.2,-0.089,0.01,0.065,-0.083,-0.2088
2026-04-19 17:25:43,80,0.1,0.36833333333333335,129.43,30.32,15.0,-7.92,0.1073,0.3765,127.2,30.6,0.03,0.2,-0.094,0.009,0.067,-0.1,-0.2088
2026-04-19 17:25:43,81,0.1,0.3666666666666667,129.61,30.06,15.0,-7.17,0.1065,0.3722,127.8,30.0,0.03,0.18,-0.093,0.018,0.034,0.038,1.5393
2026-04-19 17:25:43,82,0.1,0.365,129.79,29.79,15.0,-7.9,0.1065,0.3722,127.8,30.0,0.03,0.17,-0.095,0.022,0.039,0.039,1.5393
2026-04-19 17:25:43,83,0.1,0.36333333333333334,129.97,29.53,15.0,-7.14,0.1079,0.3697,127.8,29.4,0.03,0.13,-0.091,0.044,0.499,-0.225,-0.0913
2026-04-19 17:25:44,84,0.1,0.3616666666666667,130.14,29.26,15.0,-7.85,0.1058,0.3678,128.4,29.4,0.03,0.13,-0.095,0.042,-0.618,0.135,0.3027
2026-04-19 17:25:44,85,0.1,0.36,130.32,28.99,15.0,-7.08,0.1072,0.3654,128.4,28.8,0.02,0.15,-0.099,0.033,-0.179,-0.007,3.9405
2026-04-19 17:25:44,86,0.1,0.35833333333333334,130.5,28.73,15.0,-7.78,0.1072,0.3654,128.4,28.8,0.03,0.13,-0.095,0.044,-0.171,-0.005,3.9405
2026-04-19 17:25:44,87,0.1,0.3566666666666667,130.67,28.46,15.0,-7.0,0.1086,0.3629,128.4,28.2,0.04,0.13,-0.089,0.042,0.017,0.002,92.8034
2026-04-19 17:25:44,88,0.1,0.355,130.85,28.2,15.0,-7.69,0.1064,0.361,129.0,28.2,0.03,0.13,-0.095,0.042,0.152,-0.017,-2.0945
2026-04-19 17:25:44,89,0.1,0.35333333333333333,131.02,27.93,15.0,-7.84,0.1064,0.361,129.0,28.2,0.04,0.12,-0.087,0.05,0.144,-0.013,-2.0945
2026-04-19 17:25:44,90,0.1,0.3516666666666667,131.19,27.67,15.0,-7.19,0.1078,0.3585,129.0,27.6,0.02,0.21,-0.097,0.003,0.457,-0.003,-0.7196
2026-04-19 17:25:44,91,0.1,0.35,131.36,27.4,15.0,-6.95,0.107,0.3541,129.6,27.0,0.04,0.14,-0.091,0.037,-0.32,-0.11,0.1464
2026-04-19 17:25:44,92,0.1,0.34833333333333333,131.53,27.14,15.0,-7.52,0.107,0.3541,129.6,27.0,0.02,0.19,-0.098,0.016,-0.377,-0.178,0.1464
2026-04-19 17:25:44,93,0.1,0.3466666666666667,131.7,26.87,15.0,-7.66,0.107,0.3541,129.6,27.0,0.04,0.16,-0.09,0.031,-0.324,-0.123,0.1464
2026-04-19 17:25:44,94,0.1,0.345,131.87,26.61,15.0,-6.98,0.1083,0.3516,129.6,26.4,0.03,0.19,-0.093,0.012,-0.069,0.02,-0.747
2026-04-19 17:25:44,95,0.1,0.3433333333333333,132.03,26.34,15.0,-7.66,0.1083,0.3516,129.6,26.4,0.03,0.16,-0.093,0.031,-0.144,0.007,-0.747
2026-04-19 17:25:45,96,0.1,0.3416666666666667,132.2,26.08,15.0,-7.82,0.1083,0.3516,129.6,26.4,0.06,0.18,-0.078,0.017,-0.084,0.012,-0.747
2026-04-19 17:25:45,97,0.1,0.34,132.36,25.82,15.0,-7.18,0.1075,0.3471,130.2,25.8,0.03,0.19,-0.095,0.013,0.166,0.443,-0.1608
2026-04-19 17:25:45,98,0.1,0.3383333333333333,132.53,25.55,15.0,-7.89,0.1075,0.3471,130.2,25.8,0.03,0.16,-0.095,0.029,0.121,0.383,-0.1608
2026-04-19 17:25:45,99,0.1,0.33666666666666667,132.69,25.29,15.0,-8.09,0.1075,0.3471,130.2,25.8,0.03,0.14,-0.094,0.038,0.094,0.341,-0.1608
2026-04-19 17:25:45,100,0.1,0.33499999999999996,132.85,25.02,15.0,-7.48,0.1066,0.3426,130.8,25.2,0.03,0.26,-0.094,0.021,-0.113,-0.009,5.3793
2026-04-19 17:25:45,101,0.1,0.33333333333333337,133.01,24.76,15.0,-8.23,0.1066,0.3426,130.8,25.2,0.03,0.16,-0.094,0.027,-0.111,-0.008,5.3793
2026-04-19 17:25:45,102,0.1,0.33166666666666667,133.17,24.49,15.0,-7.51,0.1078,0.3401,130.8,24.6,0.04,0.14,-0.089,0.039,-0.005,-0.001,1377.9669
2026-04-19 17:25:45,103,0.1,0.33,133.33,24.23,15.0,-7.32,0.107,0.3356,131.4,24.0,0.03,0.1,-0.095,0.058,0.055,0.099,0.9993
2026-04-19 17:25:45,104,0.1,0.3283333333333333,133.49,23.96,15.0,-6.97,0.1081,0.333,131.4,23.4,0.02,0.09,-0.098,0.064,0.083,0.124,0.8507
2026-04-19 17:25:45,105,0.1,0.32666666666666666,133.64,23.7,15.0,-6.57,0.1093,0.3305,131.4,22.8,0.04,0.08,-0.091,0.069,0.423,-0.003,0.0904
2026-04-19 17:25:45,106,0.1,0.325,133.8,23.43,15.0,-6.13,0.1104,0.3279,131.4,22.2,0.03,0.09,-0.094,0.064,0.028,0.05,4.2294
2026-04-19 17:25:45,107,0.1,0.3233333333333333,133.95,23.17,15.0,-6.57,0.1084,0.3259,132.0,22.2,0.02,0.1,-0.1,0.061,-0.028,0.089,-1.0439
2026-04-19 17:25:46,108,0.1,0.32166666666666666,134.11,22.9,15.0,-6.58,0.1084,0.3259,132.0,22.2,0.02,0.1,-0.098,0.059,-0.027,0.087,-1.0439
2026-04-19 17:25:46,109,0.1,0.32,134.26,22.64,15.0,-6.71,0.1084,0.3259,132.0,22.2,0.03,0.11,-0.096,0.054,-0.021,0.082,-1.0439
2026-04-19 17:25:46,110,0.1,0.31833333333333336,134.41,22.37,15.0,-5.92,0.1095,0.3233,132.0,21.6,0.04,0.09,-0.086,0.063,0.027,0.074,1.6155
2026-04-19 17:25:46,111,0.1,0.31666666666666665,134.56,22.1,15.0,-6.51,0.1095,0.3233,132.0,21.6,0.03,0.07,-0.094,0.076,0.036,0.086,1.6155
2026-04-19 17:25:46,112,0.1,0.315,134.71,21.84,15.0,-6.59,0.1074,0.3213,132.6,21.6,0.02,0.09,-0.101,0.065,-0.022,0.061,-4.0017
2026-04-19 17:25:46,113,0.1,0.31333333333333335,134.86,21.57,15.0,-6.79,0.1074,0.3213,132.6,21.6,0.02,0.13,-0.098,0.043,-0.01,0.051,-4.0017
2026-04-19 17:25:46,114,0.1,0.31166666666666665,135.0,21.31,15.0,-6.08,0.1085,0.3187,132.6,21.0,0.04,0.18,-0.087,0.02,-0.015,0.053,0.9507
2026-04-19 17:25:46,115,0.1,0.31,135.15,21.04,15.0,-6.76,0.1065,0.3166,133.2,21.0,0.03,0.15,-0.095,0.034,-0.008,0.022,-19.7189
2026-04-19 17:25:46,116,0.1,0.30833333333333335,135.3,20.77,15.0,-6.91,0.1065,0.3166,133.2,21.0,0.02,0.18,-0.099,0.017,-0.003,0.02,-19.7189
2026-04-19 17:25:46,117,0.1,0.30666666666666664,135.44,20.5,15.0,-7.19,0.1065,0.3166,133.2,21.0,0.03,0.14,-0.093,0.04,-0.009,0.023,-19.7189
2026-04-19 17:25:46,118,0.1,0.305,135.58,20.24,15.0,-6.56,0.1075,0.314,133.2,20.4,0.03,0.18,-0.094,0.019,0.077,0.26,-0.212
2026-04-19 17:25:46,119,0.1,0.30333333333333334,135.72,19.97,15.0,-7.31,0.1075,0.314,133.2,20.4,0.05,0.17,-0.083,0.025,0.07,0.283,-0.212
2026-04-19 17:25:47,120,0.1,0.30166666666666664,135.87,19.7,15.0,-7.55,0.1075,0.314,133.2,20.4,0.05,0.21,-0.084,0.002,0.066,0.135,-0.212
2026-04-19 17:25:47,121,0.1,0.3,136.01,19.43,15.0,-7.91,0.1055,0.312,133.8,20.4,0.03,0.17,-0.094,0.022,-0.002,-0.01,116.7709
2026-04-19 17:25:47,122,0.09666666666666668,0.3,136.73,20.03,15.0,-5.99,0.1066,0.3094,133.8,19.8,0.02,0.19,-0.099,0.012,0.073,-0.14,0.1594
2026-04-19 17:25:47,123,0.09333333333333334,0.3,137.46,20.64,15.0,-5.05,0.1076,0.3068,133.8,19.2,0.02,0.09,-0.1,0.062,-0.228,-0.678,0.1162
2026-04-19 17:25:47,124,0.09,0.3,138.19,21.26,15.0,-4.64,0.1036,0.3026,135.0,19.2,0.08,0.11,-0.07,0.055,-0.014,-0.043,5.2299
2026-04-19 17:25:47,125,0.08666666666666667,0.3,138.92,21.88,15.0,-3.66,0.1017,0.3004,135.6,19.2,0.02,0.02,-0.097,0.099,0.168,-0.355,0.1629
2026-04-19 17:25:47,126,0.08333333333333334,0.3,139.64,22.51,15.0,-2.67,0.0998,0.2983,136.2,19.2,0.06,0.02,-0.078,0.1,-0.144,0.026,-0.2476
2026-04-19 17:25:47,127,0.08,0.3,140.36,23.14,15.0,-1.55,0.0979,0.2961,136.8,19.2,0.02,0.11,-0.099,0.056,-0.158,-0.022,1.4316
2026-04-19 17:25:47,128,0.07666666666666667,0.3,141.08,23.78,15.0,-1.26,0.0931,0.2944,138.0,19.8,0.04,0.02,-0.091,-0.098,-0.138,-0.023,6.8408
2026-04-19 17:25:47,129,0.07333333333333333,0.3,141.8,24.43,15.0,-2.35,0.0881,0.3,138.6,21.6,0.01,0.03,-0.102,-0.095,0.017,0.007,-5.0628
2026-04-19 17:25:47,130,0.07,0.3,142.52,25.08,15.0,-0.87,0.0852,0.3003,139.2,22.2,0.05,0.03,-0.085,-0.094,0.282,-0.023,-1.0315
2026-04-19 17:25:48,131,0.06666666666666668,0.3,143.24,25.73,15.0,0.44,0.0834,0.2981,139.8,22.2,0.01,0.03,-0.101,-0.096,0.217,-0.024,-0.608
2026-04-19 17:25:48,132,0.06333333333333334,0.3,143.95,26.39,15.0,-0.33,0.0794,0.301,140.4,23.4,0.04,0.14,-0.09,-0.041,-0.255,0.484,0.1078
2026-04-19 17:25:48,133,0.06,0.3,144.66,27.06,15.0,-0.15,0.0753,0.3038,141.0,24.6,0.02,0.02,-0.1,-0.096,1.109,1.001,0.0905
2026-04-19 17:25:48,134,0.05666666666666667,0.3,145.37,27.73,15.0,-1.17,0.0682,0.3068,142.2,26.4,0.07,0.06,-0.075,-0.076,0.28,0.056,-1.0135
2026-04-19 17:25:48,135,0.05333333333333334,0.3,146.07,28.4,15.0,0.97,0.0665,0.3045,142.8,26.4,0.02,0.03,-0.101,-0.095,0.091,0.177,-0.8892
2026-04-19 17:25:48,136,0.05,0.3,146.78,29.08,15.0,0.74,0.0635,0.3047,143.4,27.0,0.02,0.02,-0.1,-0.101,0.34,0.319,-0.4885
2026-04-19 17:25:48,137,0.04666666666666667,0.3,147.48,29.76,15.0,2.22,0.0635,0.3047,143.4,27.0,0.05,0.21,-0.084,-0.004,0.071,0.115,-0.4885
2026-04-19 17:25:48,138,0.043333333333333335,0.3,148.17,30.45,15.0,-0.57,0.0549,0.31,144.6,29.4,0.01,0.03,-0.103,-0.094,-0.101,0.091,1.1115
2026-04-19 17:25:48,139,0.04000000000000001,0.3,148.86,31.14,15.0,-0.67,0.0491,0.315,145.2,31.2,0.01,0.02,-0.101,-0.1,0.163,-0.064,-1.331
2026-04-19 17:25:48,140,0.03666666666666667,0.3,149.55,31.83,15.0,1.06,0.0475,0.3126,145.8,31.2,0.01,0.02,-0.102,-0.098,0.068,-0.091,-1.1615
2026-04-19 17:25:48,141,0.03333333333333334,0.3,150.24,32.52,15.0,1.61,0.0475,0.3126,145.8,31.2,0.03,0.18,-0.094,-0.021,0.08,-0.017,-1.1615
2026-04-19 17:25:48,142,0.030000000000000013,0.3,150.92,33.22,15.0,0.57,0.0415,0.3127,147.0,32.4,0.01,0.03,-0.103,-0.091,0.04,-0.004,14.9935
2026-04-19 17:25:49,143,0.026666666666666672,0.3,151.6,33.93,15.0,0.39,0.0385,0.3175,147.0,33.6,0.04,0.04,-0.089,-0.089,0.062,-0.146,-0.6958
2026-04-19 17:25:49,144,0.02333333333333333,0.3,152.27,34.63,15.0,0.95,0.0339,0.315,148.2,34.2,0.01,0.03,-0.103,-0.092,1.323,-0.069,-0.2758
2026-04-19 17:25:49,145,0.01999999999999999,0.3,152.94,35.34,15.0,1.06,0.0309,0.315,148.8,34.8,0.02,0.12,-0.097,-0.05,-1.507,0.329,0.1006
2026-04-19 17:25:49,146,0.016666666666666663,0.3,153.61,36.05,15.0,0.32,0.0262,0.3172,149.4,36.0,0.01,0.06,-0.102,-0.077,-0.312,0.395,0.0497
2026-04-19 17:25:49,147,0.013333333333333336,0.3,154.27,36.76,15.0,0.9,0.0232,0.3171,150.0,36.6,0.03,0.06,-0.094,-0.08,-0.056,0.09,0.7891
2026-04-19 17:25:49,148,0.009999999999999995,0.3,154.92,37.48,15.0,0.96,0.0188,0.3145,151.2,37.2,0.0,0.15,-0.106,-0.034,0.62,-0.195,-0.3271
2026-04-19 17:25:49,149,0.006666666666666668,0.3,155.57,38.2,15.0,2.07,0.0161,0.3095,152.4,37.2,0.01,0.07,-0.105,-0.074,0.021,-0.252,-0.4003
2026-04-19 17:25:49,150,0.003333333333333327,0.3,156.22,38.92,15.0,0.91,0.0114,0.3116,153.0,38.4,0.0,0.38,-0.106,-0.081,-2.261,-0.883,-0.0393
2026-04-19 17:25:49,151,0.0,0.3,156.86,39.64,15.0,1.68,0.0071,0.3089,154.2,39.0,0.01,0.17,-0.106,-0.022,-0.421,0.618,-0.0387
2026-04-19 17:25:49,152,-0.003333333333333341,0.3,157.49,40.36,15.0,2.75,0.0047,0.3038,155.4,39.0,0.04,0.4,-0.09,-0.089,0.091,0.163,-0.8893
2026-04-19 17:25:49,153,-0.006666666666666668,0.3,158.12,41.08,15.0,2.61,0.0018,0.3035,156.0,39.6,0.01,0.56,-0.101,-0.171,0.583,0.49,-0.4502
2026-04-19 17:25:49,154,-0.010000000000000009,0.3,158.74,41.81,15.0,3.05,-0.0012,0.3032,156.6,40.2,0.1,0.63,-0.06,-0.206,-2.107,-1.171,0.1532
2026-04-19 17:25:50,155,-0.013333333333333336,0.3,159.36,42.54,15.0,3.42,-0.0052,0.3003,157.8,40.8,0.08,0.89,-0.07,-0.336,-17.664,2.235,0.1053
2026-04-19 17:25:50,156,-0.016666666666666677,0.3,159.97,43.27,15.0,4.77,-0.0063,0.2977,158.4,40.8,0.19,0.91,-0.015,-0.344,0.472,-0.229,-0.6884
2026-04-19 17:25:50,157,-0.01999999999999999,0.3,160.57,43.99,15.0,4.81,-0.0092,0.2974,159.0,41.4,0.07,1.52,-0.072,-0.649,0.506,-0.513,-0.5216
2026-04-19 17:25:50,158,-0.023333333333333345,0.3,161.17,44.72,15.0,6.38,-0.0102,0.2948,159.6,41.4,0.1,1.65,-0.059,-0.711,-0.242,-0.168,0.6942
2026-04-19 17:25:50,159,-0.026666666666666672,0.3,161.76,45.46,15.0,7.51,-0.0113,0.2922,160.2,41.4,0.1,1.83,-0.058,-0.801,-0.026,-0.056,38.4477
2026-04-19 17:25:50,160,-0.03,0.3,162.34,46.19,15.0,8.86,-0.0123,0.2896,160.8,41.4,0.16,1.85,-0.03,-0.812,-0.352,-0.384,-1.5553
2026-04-19 17:25:50,161,-0.033333333333333326,0.3,162.92,46.92,15.0,10.3,-0.0132,0.287,161.4,41.4,0.02,1.85,-0.098,-0.812,-0.5,-0.433,-0.0954
2026-04-19 17:25:50,162,-0.03666666666666668,0.3,163.49,47.65,15.0,11.86,-0.0132,0.287,161.4,41.4,0.05,1.85,-0.082,-0.812,-0.682,-0.321,-0.0954
2026-04-19 17:25:50,163,-0.03999999999999998,0.3,164.05,48.38,15.0,13.57,-0.0142,0.2843,162.0,41.4,0.0,1.86,-0.106,-0.814,-2.647,0.001,0.2497
2026-04-19 17:25:50,164,-0.043333333333333335,0.3,164.61,49.12,15.0,6.9,-0.0315,0.3036,162.0,46.8,0.01,1.83,-0.101,-0.804,12.541,2.91,-0.0639
2026-04-19 17:25:50,165,-0.04666666666666666,0.3,165.16,49.85,15.0,0.91,-0.058,0.3244,162.6,54.0,0.01,0.62,-0.103,-0.201,-0.039,-0.024,19.395
2026-04-19 17:25:50,166,-0.05000000000000002,0.3,165.7,50.58,15.0,-9.1,-0.0955,0.3508,162.6,63.6,0.01,0.43,-0.105,-0.104,-0.167,-0.032,5.0964
2026-04-19 17:25:51,167,-0.053333333333333344,0.3,166.23,51.31,15.0,-3.84,-0.0965,0.3482,163.2,63.6,0.04,0.48,-0.09,-0.128,-0.101,-0.016,14.9322
2026-04-19 17:25:51,168,-0.05666666666666667,0.3,166.76,52.05,15.0,-5.55,-0.094,0.3467,163.2,63.0,0.02,0.38,-0.1,0.083,0.103,0.001,12.2372
2026-04-19 17:25:51,169,-0.060000000000000026,0.3,167.28,52.78,15.0,-4.17,-0.0886,0.3368,164.4,61.2,0.01,0.43,-0.103,0.106,0.087,0.095,0.7011
2026-04-19 17:25:51,170,-0.06333333333333332,0.3,167.79,53.51,15.0,-5.39,-0.0862,0.3353,164.4,60.6,0.02,0.45,-0.099,0.116,0.095,0.037,1.5619
2026-04-19 17:25:51,171,-0.06666666666666668,0.3,168.29,54.24,15.0,-4.32,-0.0823,0.3294,165.0,59.4,0.01,0.31,-0.102,0.044,0.076,0.136,-0.6068
2026-04-19 17:25:51,172,-0.07,0.3,168.79,54.98,15.0,-4.55,-0.0807,0.3251,165.6,58.8,0.02,0.3,-0.099,0.042,0.061,0.01,-0.4819
2026-04-19 17:25:51,173,-0.07333333333333333,0.3,169.28,55.71,15.0,-3.93,-0.0792,0.3208,166.2,58.2,0.01,0.2,-0.101,0.008,0.768,0.554,-0.0335
2026-04-19 17:25:51,174,-0.07666666666666666,0.3,169.76,56.44,15.0,-4.14,-0.0792,0.3208,166.2,58.2,0.02,0.13,-0.097,0.043,0.983,0.847,-0.0335
2026-04-19 17:25:51,175,-0.08000000000000002,0.3,170.23,57.17,15.0,-3.72,-0.08,0.3181,166.8,58.2,0.01,0.12,-0.103,0.047,-0.557,-0.201,0.0845
2026-04-19 17:25:51,176,-0.08333333333333334,0.3,170.69,57.9,15.0,-3.26,-0.0808,0.3155,167.4,58.2,0.02,0.05,-0.098,0.085,-0.265,-0.03,-0.1577
2026-04-19 17:25:51,177,-0.08666666666666667,0.3,171.14,58.62,15.0,-2.66,-0.0815,0.3128,168.0,58.2,0.02,0.04,-0.099,0.087,-0.106,0.004,-2.6349
2026-04-19 17:25:51,178,-0.09,0.3,171.59,59.35,15.0,-1.95,-0.0822,0.3101,168.6,58.2,0.02,0.02,-0.098,0.099,-0.265,-0.143,-0.145
2026-04-19 17:25:52,179,-0.09333333333333335,0.3,172.03,60.08,15.0,-1.1,-0.0829,0.3075,169.2,58.2,0.01,0.16,-0.103,0.031,-0.202,-0.059,0.7249
2026-04-19 17:25:52,180,-0.09666666666666665,0.3,172.45,60.81,15.0,-1.11,-0.0859,0.3065,169.8,58.8,0.02,0.04,-0.1,-0.088,2.965,1.744,-0.0496
2026-04-19 17:25:52,181,-0.1,0.3,172.88,61.53,15.0,-1.55,-0.0907,0.3097,169.8,60.0,0.01,0.08,-0.103,-0.071,4.637,-1.441,-0.0313
2026-04-19 17:25:52,182,-0.1,0.30166666666666664,172.55,61.6,15.0,-2.67,-0.0962,0.3102,170.4,61.2,0.0,0.04,-0.106,-0.09,-0.085,0.162,0.96
2026-04-19 17:25:52,183,-0.1,0.30333333333333334,172.22,61.68,15.0,-2.6,-0.0986,0.3118,170.4,61.8,0.0,0.02,-0.106,-0.1,-0.33,0.451,0.32
2026-04-19 17:25:52,184,-0.1,0.305,171.89,61.76,15.0,-2.2,-0.0986,0.3118,170.4,61.8,0.0,0.02,-0.106,-0.098,-0.327,0.449,0.32
2026-04-19 17:25:52,185,-0.1,0.30666666666666664,171.56,61.84,15.0,-2.19,-0.0986,0.3118,170.4,61.8,0.0,0.02,-0.107,-0.097,-0.327,0.45,0.32
2026-04-19 17:25:52,186,-0.1,0.30833333333333335,171.23,61.92,14.92,-2.11,-0.0986,0.3118,170.4,61.8,0.01,0.02,-0.104,-0.097,-0.321,0.44,0.32
2026-04-19 17:25:52,187,-0.1,0.31,170.91,62.0,14.76,-2.01,-0.0986,0.3118,170.4,61.8,0.01,0.02,-0.103,-0.098,-0.323,0.441,0.32
2026-04-19 17:25:52,188,-0.1,0.31166666666666665,170.58,62.08,14.56,-1.91,-0.0986,0.3118,170.4,61.8,0.02,0.02,-0.099,-0.097,-0.315,0.426,0.32
2026-04-19 17:25:52,189,-0.1,0.31333333333333335,170.26,62.17,15.0,-1.78,-0.098,0.3144,169.8,61.8,0.01,0.03,0.101,-0.093,-0.019,-0.093,1.0612
2026-04-19 17:25:52,190,-0.1,0.315,169.93,62.26,15.0,-1.64,-0.0973,0.3171,169.2,61.8,0.02,0.03,0.1,-0.094,-0.07,-0.101,1.0507
2026-04-19 17:25:53,191,-0.1,0.31666666666666665,169.61,62.35,14.79,-2.43,-0.0997,0.3186,169.2,62.4,0.01,0.04,0.102,-0.089,-0.24,-0.069,0.8398
2026-04-19 17:25:53,192,-0.1,0.3183333333333333,169.29,62.44,14.64,-1.87,-0.0997,0.3186,169.2,62.4,0.03,0.02,0.096,-0.101,-0.245,-0.061,0.8398
2026-04-19 17:25:53,193,-0.1,0.32,168.97,62.53,15.0,-1.87,-0.099,0.3213,168.6,62.4,0.01,0.01,0.101,-0.101,0.009,0.0,727.043
2026-04-19 17:25:53,194,-0.1,0.32166666666666666,168.64,62.62,15.0,-1.75,-0.0983,0.324,168.0,62.4,0.02,0.03,0.1,-0.094,0.076,-0.058,0.4989
2026-04-19 17:25:53,195,-0.1,0.3233333333333333,168.32,62.72,14.84,-1.63,-0.0983,0.324,168.0,62.4,0.01,0.03,0.102,-0.094,0.079,-0.055,0.4989
2026-04-19 17:25:53,196,-0.1,0.325,168.0,62.81,14.68,-1.49,-0.0983,0.324,168.0,62.4,0.03,0.04,0.096,-0.086,0.076,-0.049,0.4989
2026-04-19 17:25:53,197,-0.1,0.32666666666666666,167.68,62.91,15.0,-2.27,-0.1,0.3281,167.4,63.0,0.01,0.03,0.101,-0.091,0.261,-0.152,-0.183
2026-04-19 17:25:53,198,-0.1,0.3283333333333333,167.36,63.01,15.0,-2.66,-0.1017,0.3323,166.8,63.6,0.02,0.03,0.101,-0.092,0.141,-0.084,-1.0629
2026-04-19 17:25:53,199,-0.1,0.33,167.05,63.11,14.88,-2.27,-0.1017,0.3323,166.8,63.6,0.01,0.02,0.102,-0.098,0.148,-0.085,-1.0629
2026-04-19 17:25:53,200,-0.1,0.33166666666666667,166.73,63.21,14.71,-2.33,-0.1017,0.3323,166.8,63.6,0.02,0.02,0.099,-0.097,0.145,-0.082,-1.0629
2026-04-19 17:25:53,201,-0.1,0.3333333333333333,166.41,63.32,15.0,-2.29,-0.1009,0.335,166.2,63.6,0.02,0.01,0.099,-0.102,0.061,0.041,5.1509
2026-04-19 17:25:53,202,-0.1,0.335,166.09,63.42,15.0,-2.25,-0.1,0.3376,165.6,63.6,0.01,0.02,0.102,-0.1,-0.073,0.175,-0.4534
2026-04-19 17:25:54,203,-0.1,0.33666666666666667,165.77,63.53,14.89,-2.18,-0.1,0.3376,165.6,63.6,0.01,0.02,0.101,-0.096,-0.068,0.172,-0.4534
2026-04-19 17:25:54,204,-0.1,0.3383333333333333,165.46,63.64,14.71,-2.1,-0.1,0.3376,165.6,63.6,0.02,0.03,0.1,-0.096,-0.068,0.17,-0.4534
2026-04-19 17:25:54,205,-0.1,0.34,165.14,63.75,15.0,-1.99,-0.0992,0.3403,165.0,63.6,0.04,0.03,0.089,-0.096,0.443,1.509,0.0724
2026-04-19 17:25:54,206,-0.1,0.3416666666666667,164.83,63.86,15.0,-1.87,-0.0983,0.3429,164.4,63.6,0.01,0.03,0.102,-0.093,-0.139,-0.229,-0.4472
2026-04-19 17:25:54,207,-0.1,0.3433333333333333,164.51,63.97,14.89,-1.72,-0.0983,0.3429,164.4,63.6,0.02,0.04,0.1,-0.09,-0.136,-0.223,-0.4472
2026-04-19 17:25:54,208,-0.1,0.34500000000000003,164.19,64.09,14.69,-1.56,-0.0983,0.3429,164.4,63.6,0.01,0.04,0.101,-0.089,-0.138,-0.222,-0.4472
2026-04-19 17:25:54,209,-0.1,0.3466666666666667,163.88,64.21,15.0,-2.32,-0.0999,0.347,163.8,64.2,0.02,0.04,0.096,-0.089,0.113,0.016,2.9267
2026-04-19 17:25:54,210,-0.1,0.34833333333333333,163.57,64.32,15.0,-2.67,-0.1014,0.3511,163.2,64.8,0.01,0.02,0.101,-0.101,0.036,-0.088,0.1032
2026-04-19 17:25:54,211,-0.1,0.35,163.25,64.44,14.87,-2.24,-0.1014,0.3511,163.2,64.8,0.02,0.02,0.099,-0.101,0.013,-0.101,0.1032
2026-04-19 17:25:54,212,-0.1,0.3516666666666667,162.94,64.56,14.66,-2.26,-0.1014,0.3511,163.2,64.8,0.01,0.02,0.102,-0.098,0.069,-0.065,0.1032
2026-04-19 17:25:54,213,-0.1,0.35333333333333333,162.62,64.69,15.0,-2.18,-0.1004,0.3537,162.6,64.8,0.03,0.02,0.095,-0.097,1.044,0.762,-0.0465
2026-04-19 17:25:54,214,-0.1,0.355,162.31,64.81,15.0,-2.09,-0.0994,0.3563,162.0,64.8,0.01,0.03,0.101,-0.091,0.149,0.009,-2.3659
2026-04-19 17:25:55,215,-0.1,0.3566666666666667,162.0,64.94,14.84,-1.98,-0.0994,0.3563,162.0,64.8,0.03,0.03,0.091,-0.093,0.153,0.013,-2.3659
2026-04-19 17:25:55,216,-0.1,0.35833333333333334,161.68,65.06,14.62,-1.84,-0.0994,0.3563,162.0,64.8,0.01,0.03,0.101,-0.093,0.153,0.01,-2.3659
2026-04-19 17:25:55,217,-0.1,0.36,161.37,65.19,15.0,-1.68,-0.0984,0.3589,161.4,64.8,0.04,0.04,0.089,-0.089,0.215,-0.002,-0.1335
2026-04-19 17:25:55,218,-0.1,0.3616666666666667,161.06,65.32,15.0,-1.5,-0.0974,0.3615,160.8,64.8,0.01,0.05,0.101,-0.084,0.448,0.029,0.2705
2026-04-19 17:25:55,219,-0.1,0.36333333333333334,160.74,65.45,14.78,-2.24,-0.0999,0.363,160.8,65.4,0.01,0.04,0.102,-0.089,3.068,0.002,0.1179
2026-04-19 17:25:55,220,-0.1,0.365,160.43,65.59,14.57,-1.63,-0.0999,0.363,160.8,65.4,0.01,0.03,0.103,-0.093,3.103,0.001,0.1179
2026-04-19 17:25:55,221,-0.1,0.3666666666666667,160.12,65.72,15.0,-2.51,-0.1013,0.367,160.2,66.0,0.05,0.04,0.083,-0.089,-0.074,-0.01,-0.6455
2026-04-19 17:25:55,222,-0.1,0.36833333333333335,159.8,65.86,14.42,-1.93,-0.1013,0.367,160.2,66.0,0.01,0.03,0.103,-0.094,-0.074,0.017,-0.6455
2026-04-19 17:25:55,223,-0.1,0.37,159.49,65.99,15.0,-1.92,-0.1002,0.3695,159.6,66.0,0.02,0.03,0.098,-0.092,0.071,0.003,14.5441
2026-04-19 17:25:55,224,-0.1,0.3716666666666667,159.18,66.13,15.0,-1.78,-0.0991,0.3721,159.0,66.0,0.02,0.03,0.1,-0.093,-0.223,-0.127,-0.63
2026-04-19 17:25:55,225,-0.1,0.37333333333333335,158.87,66.27,14.65,-1.64,-0.0991,0.3721,159.0,66.0,0.02,0.03,0.098,-0.092,-0.218,-0.124,-0.63
2026-04-19 17:25:56,226,-0.1,0.375,158.55,66.42,14.42,-1.46,-0.0991,0.3721,159.0,66.0,0.02,0.04,0.1,-0.088,-0.225,-0.124,-0.63
2026-04-19 17:25:56,227,-0.1,0.3766666666666667,158.24,66.56,15.0,-2.21,-0.1005,0.3761,158.4,66.6,0.02,0.03,0.098,-0.094,0.149,-0.154,-0.4974
2026-04-19 17:25:56,228,-0.1,0.37833333333333335,157.93,66.71,14.27,-1.6,-0.1005,0.3761,158.4,66.6,0.01,0.02,0.102,-0.1,0.162,-0.164,-0.4974
2026-04-19 17:25:56,229,-0.1,0.38,157.62,66.85,14.94,-1.54,-0.0993,0.3786,157.8,66.6,0.02,0.02,0.098,-0.101,-0.09,-0.048,1.1395
2026-04-19 17:25:56,230,-0.1,0.3816666666666667,157.3,67.0,14.13,-2.29,-0.1018,0.38,157.8,67.2,0.02,0.04,0.098,-0.088,-0.062,-0.096,1.0505
2026-04-19 17:25:56,231,-0.1,0.38333333333333336,156.99,67.15,14.8,-1.71,-0.1006,0.3825,157.2,67.2,0.08,0.04,0.071,-0.091,-0.076,-0.072,1.1794
2026-04-19 17:25:56,232,-0.1,0.385,156.68,67.3,13.99,-1.66,-0.1006,0.3825,157.2,67.2,0.02,0.02,0.098,-0.101,-0.083,-0.098,1.1794
2026-04-19 17:25:56,233,-0.1,0.3866666666666667,156.36,67.46,14.65,-1.5,-0.0994,0.3851,156.6,67.2,0.08,0.03,0.07,-0.093,-0.111,-0.097,0.8112
2026-04-19 17:25:56,234,-0.1,0.38833333333333336,156.05,67.61,14.78,-1.31,-0.0982,0.3876,156.0,67.2,0.03,0.03,0.095,-0.092,-0.44,-0.065,0.0916
2026-04-19 17:25:56,235,-0.1,0.39,155.74,67.77,14.11,-1.11,-0.0982,0.3876,156.0,67.2,0.01,0.06,0.105,-0.076,-0.338,-0.11,0.0916
2026-04-19 17:25:56,236,-0.1,0.39166666666666666,155.42,67.93,13.85,-1.81,-0.1007,0.3889,156.0,67.8,0.01,0.04,0.105,-0.091,-0.192,-0.23,0.5289
2026-04-19 17:25:56,237,-0.1,0.39333333333333337,155.11,68.09,14.41,-1.16,-0.0994,0.3915,155.4,67.8,0.02,0.02,0.1,-0.1,0.254,1.572,-0.146
2026-04-19 17:25:57,238,-0.1,0.395,154.79,68.25,13.6,-1.05,-0.0994,0.3915,155.4,67.8,0.02,0.02,0.097,-0.101,0.248,1.544,-0.146
2026-04-19 17:25:57,239,-0.1,0.3966666666666667,154.48,68.41,14.25,-1.77,-0.1006,0.3953,154.8,68.4,0.0,0.05,0.107,-0.086,0.002,0.014,731.6607
2026-04-19 17:25:57,240,-0.1,0.3983333333333333,154.16,68.58,13.42,-1.13,-0.1006,0.3953,154.8,68.4,0.08,0.04,0.068,-0.088,0.002,0.011,731.6607
2026-04-19 17:25:57,241,-0.1,0.4,153.85,68.75,14.06,-1.04,-0.0993,0.3978,154.2,68.4,0.01,0.02,0.104,-0.1,-0.072,0.056,-2.7029
2026-04-19 17:25:57,242,-0.09833333333333334,0.4,153.69,68.43,13.47,-1.57,-0.0993,0.3978,154.2,68.4,0.05,0.04,0.083,-0.09,-0.067,0.046,-2.7029
2026-04-19 17:25:57,243,-0.09666666666666668,0.4,153.53,68.12,14.25,-1.79,-0.098,0.4003,153.6,68.4,0.01,0.04,0.104,-0.087,-0.172,0.03,0.2799
2026-04-19 17:25:57,244,-0.095,0.4,153.36,67.81,14.54,-3.07,-0.0992,0.404,153.0,69.0,0.0,0.02,0.107,-0.097,0.075,0.326,0.2774
2026-04-19 17:25:57,245,-0.09333333333333334,0.4,153.2,67.49,14.05,-3.07,-0.0992,0.404,153.0,69.0,0.0,0.02,0.107,-0.098,0.076,0.329,0.2774
2026-04-19 17:25:57,246,-0.09166666666666667,0.4,153.03,67.18,14.01,-3.67,-0.0992,0.404,153.0,69.0,0.0,0.05,0.107,-0.085,0.051,0.286,0.2774
2026-04-19 17:25:57,247,-0.09,0.4,152.86,66.87,13.85,-4.24,-0.0992,0.404,153.0,69.0,0.02,0.05,0.1,-0.084,0.056,0.281,0.2774
2026-04-19 17:25:57,248,-0.08833333333333333,0.4,152.69,66.56,14.62,-4.88,-0.0978,0.4065,152.4,69.0,0.02,0.09,0.098,-0.065,-0.143,-0.169,-0.5129
2026-04-19 17:25:57,249,-0.08666666666666667,0.4,152.52,66.25,14.03,-5.56,-0.0978,0.4065,152.4,69.0,0.01,0.07,0.103,-0.072,-0.153,-0.184,-0.5129
2026-04-19 17:25:58,250,-0.085,0.4,152.35,65.94,13.98,-5.36,-0.0953,0.4053,152.4,68.4,0.02,0.09,0.099,0.062,-0.005,0.448,-0.2251
2026-04-19 17:25:58,251,-0.08333333333333334,0.4,152.18,65.63,14.75,-5.59,-0.0914,0.4064,151.8,67.8,0.01,0.13,0.103,0.042,0.075,-0.297,0.4424
2026-04-19 17:25:58,252,-0.08166666666666667,0.4,152.0,65.32,14.18,-6.64,-0.0914,0.4064,151.8,67.8,0.0,0.1,0.107,0.058,0.094,-0.327,0.4424
2026-04-19 17:25:58,253,-0.08,0.4,151.82,65.01,14.13,-6.31,-0.0889,0.4051,151.8,67.2,0.0,0.15,0.107,0.034,0.048,-0.155,0.9148
2026-04-19 17:25:58,254,-0.07833333333333334,0.4,151.64,64.7,14.92,-7.44,-0.0875,0.4076,151.2,67.2,0.02,0.14,0.101,0.041,0.045,-0.102,1.1843
2026-04-19 17:25:58,255,-0.07666666666666667,0.4,151.47,64.39,14.34,-7.13,-0.085,0.4062,151.2,66.6,0.01,0.17,0.103,0.024,0.082,-0.102,0.832
2026-04-19 17:25:58,256,-0.07500000000000001,0.4,151.28,64.09,14.32,-7.34,-0.0826,0.4048,151.2,66.0,0.01,0.16,0.103,0.028,-0.147,0.002,-0.7381
2026-04-19 17:25:58,257,-0.07333333333333333,0.4,151.1,63.78,15.0,-8.33,-0.0811,0.4073,150.6,66.0,0.01,0.13,0.105,0.044,0.016,-0.016,11.4515
2026-04-19 17:25:58,258,-0.07166666666666667,0.4,150.92,63.47,14.49,-7.97,-0.0787,0.4059,150.6,65.4,0.0,0.2,0.107,0.01,0.356,0.111,0.2347
2026-04-19 17:25:58,259,-0.07,0.4,150.73,63.17,14.46,-8.12,-0.0763,0.4045,150.6,64.8,0.0,0.19,0.107,0.016,0.966,0.583,0.1172
2026-04-19 17:25:58,260,-0.06833333333333333,0.4,150.55,62.86,14.3,-8.11,-0.0738,0.4031,150.6,64.2,0.01,0.18,0.102,0.018,0.199,0.044,2.0367
2026-04-19 17:25:58,261,-0.06666666666666668,0.4,150.36,62.55,14.13,-9.03,-0.0738,0.4031,150.6,64.2,0.01,0.18,0.102,0.021,0.2,0.045,2.0367
2026-04-19 17:25:59,262,-0.065,0.4,150.17,62.25,14.87,-8.55,-0.07,0.404,150.0,63.6,0.01,0.18,0.103,0.018,0.151,0.02,4.8103
2026-04-19 17:25:59,263,-0.06333333333333334,0.4,149.98,61.95,14.24,-8.61,-0.0676,0.4026,150.0,63.0,0.02,0.24,0.1,0.012,0.097,0.007,14.9582
2026-04-19 17:25:59,264,-0.06166666666666667,0.4,149.78,61.64,15.0,-9.45,-0.0661,0.405,149.4,63.0,0.0,0.26,0.107,0.019,0.179,0.044,1.9717
2026-04-19 17:25:59,265,-0.06,0.4,149.59,61.34,14.45,-8.94,-0.0637,0.4035,149.4,62.4,0.02,0.38,0.098,0.081,0.109,0.053,3.5965
2026-04-19 17:25:59,266,-0.058333333333333334,0.4,149.4,61.04,14.4,-9.89,-0.0637,0.4035,149.4,62.4,0.0,0.31,0.107,0.043,0.109,0.042,3.5965
2026-04-19 17:25:59,267,-0.05666666666666667,0.4,149.2,60.73,14.2,-9.34,-0.0614,0.402,149.4,61.8,0.01,0.28,0.101,0.03,-0.127,-0.238,0.7175
2026-04-19 17:25:59,268,-0.055,0.4,149.0,60.43,14.0,-10.29,-0.0614,0.402,149.4,61.8,0.02,0.3,0.1,0.041,-0.121,-0.239,0.7175
2026-04-19 17:25:59,269,-0.05333333333333334,0.4,148.8,60.13,14.7,-9.76,-0.0575,0.4028,148.8,61.2,0.04,0.3,0.091,0.041,-0.006,0.204,1.7301
2026-04-19 17:25:59,270,-0.051666666666666666,0.4,148.6,59.83,14.04,-9.76,-0.0552,0.4013,148.8,60.6,0.01,0.28,0.102,0.029,-0.123,0.263,-0.4658
2026-04-19 17:25:59,271,-0.05,0.4,148.4,59.53,14.86,-10.55,-0.0537,0.4036,148.2,60.6,0.02,0.28,0.096,0.032,-0.011,-0.011,171.562
2026-04-19 17:25:59,272,-0.04833333333333333,0.4,148.2,59.23,14.21,-9.99,-0.0513,0.4021,148.2,60.0,0.01,0.32,0.101,0.052,-0.138,0.078,-1.4074
2026-04-19 17:25:59,273,-0.04666666666666667,0.4,147.99,58.93,14.11,-9.93,-0.049,0.4004,148.2,59.4,0.02,0.33,0.097,0.055,-0.905,0.057,-0.3925
2026-04-19 17:26:00,274,-0.045,0.4,147.79,58.63,13.88,-9.73,-0.0467,0.3988,148.2,58.8,0.01,0.32,0.102,0.053,0.767,0.083,0.2929
2026-04-19 17:26:00,275,-0.043333333333333335,0.4,147.58,58.34,14.58,-10.44,-0.0452,0.4012,147.6,58.8,0.03,0.28,0.092,0.032,-0.264,0.011,-0.7632
2026-04-19 17:26:00,276,-0.041666666666666664,0.4,147.37,58.04,13.9,-9.76,-0.0429,0.3995,147.6,58.2,0.01,0.25,0.101,0.018,20.914,10.775,0.0016
2026-04-19 17:26:00,277,-0.04000000000000001,0.4,147.16,57.74,14.71,-9.61,-0.039,0.4002,147.0,57.6,0.04,0.29,0.089,0.035,0.044,0.0,-438.6682
2026-04-19 17:26:00,278,-0.03833333333333333,0.4,146.95,57.45,14.05,-10.24,-0.039,0.4002,147.0,57.6,0.03,0.33,0.094,0.053,0.068,0.0,-438.6682
2026-04-19 17:26:00,279,-0.03666666666666667,0.4,146.74,57.15,13.94,-10.46,-0.039,0.4002,147.0,57.6,0.04,0.39,0.086,0.084,0.107,0.0,-438.6682
2026-04-19 17:26:00,280,-0.035,0.4,146.53,56.85,13.69,-10.81,-0.039,0.4002,147.0,57.6,0.04,0.53,0.089,0.153,0.196,-0.0,-438.6682
2026-04-19 17:26:00,281,-0.03333333333333334,0.4,146.31,56.56,13.42,-11.2,-0.039,0.4002,147.0,57.6,0.1,0.55,0.06,0.163,0.208,-0.0,-438.6682
2026-04-19 17:26:00,282,-0.03166666666666666,0.4,146.1,56.27,13.11,-11.64,-0.039,0.4002,147.0,57.6,0.1,0.65,0.061,0.214,0.273,-0.0,-438.6682
2026-04-19 17:26:00,283,-0.030000000000000013,0.4,145.88,55.97,13.71,-12.11,-0.0375,0.4026,146.4,57.6,0.16,0.64,0.029,0.212,-1.317,-1.251,0.0664
2026-04-19 17:26:00,284,-0.028333333333333335,0.4,145.66,55.68,12.94,-12.65,-0.0375,0.4026,146.4,57.6,0.2,0.77,0.008,0.273,-1.621,-1.612,0.0664
2026-04-19 17:26:00,285,-0.026666666666666672,0.4,145.44,55.39,12.7,-13.24,-0.0375,0.4026,146.4,57.6,0.14,0.87,0.037,0.324,-1.988,-1.908,0.0664
2026-04-19 17:26:01,286,-0.024999999999999994,0.4,145.22,55.1,13.27,-13.88,-0.0359,0.405,145.8,57.6,0.11,0.87,0.054,0.326,0.404,3.371,-0.0893
2026-04-19 17:26:01,287,-0.02333333333333333,0.4,145.0,54.8,14.4,-14.56,-0.0327,0.4096,144.6,57.6,0.03,0.57,0.096,0.174,0.133,0.034,7.94
2026-04-19 17:26:01,288,-0.021666666666666667,0.4,144.77,54.51,13.36,-13.4,-0.0282,0.4062,144.6,56.4,0.01,0.48,0.105,0.128,-1.511,0.516,-0.1477
2026-04-19 17:26:01,289,-0.01999999999999999,0.4,144.55,54.22,13.35,-11.14,-0.0193,0.3991,144.6,54.0,0.01,0.29,0.102,0.036,0.137,-0.109,0.583
2026-04-19 17:26:01,290,-0.01833333333333334,0.4,144.32,53.94,13.12,-9.39,-0.0107,0.3917,144.6,51.6,0.02,0.16,0.099,0.028,0.203,0.048,2.222
2026-04-19 17:26:01,291,-0.016666666666666663,0.4,144.1,53.65,13.82,-9.92,-0.007,0.3922,144.0,51.0,0.01,0.13,0.102,0.044,0.14,0.015,8.0043
2026-04-19 17:26:01,292,-0.015,0.4,143.87,53.36,13.14,-8.98,-0.0049,0.3902,144.0,50.4,0.0,0.14,0.106,0.04,0.032,0.003,195.6119
2026-04-19 17:26:01,293,-0.013333333333333336,0.4,143.64,53.07,13.0,-9.18,-0.0049,0.3902,144.0,50.4,0.0,0.13,0.107,0.044,0.032,0.003,195.6119
2026-04-19 17:26:01,294,-0.011666666666666672,0.4,143.41,52.78,13.67,-7.96,-0.0011,0.3906,143.4,49.8,0.02,0.11,0.097,0.054,0.02,0.005,155.5051
2026-04-19 17:26:01,295,-0.009999999999999995,0.4,143.18,52.5,12.98,-8.21,-0.0011,0.3906,143.4,49.8,0.02,0.14,0.096,0.039,0.019,0.005,155.5051
2026-04-19 17:26:01,296,-0.008333333333333331,0.4,142.95,52.21,13.77,-7.92,0.0005,0.3929,142.8,49.8,0.05,0.11,0.082,0.054,0.346,0.55,0.1738
2026-04-19 17:26:02,297,-0.006666666666666668,0.4,142.71,51.93,13.08,-7.77,0.0005,0.3929,142.8,49.8,0.02,0.11,0.098,0.056,0.394,0.614,0.1738
2026-04-19 17:26:02,298,-0.0050000000000000044,0.4,142.48,51.64,12.95,-6.72,0.0026,0.3909,142.8,49.2,0.04,0.08,0.087,0.071,0.714,2.971,-0.0807
2026-04-19 17:26:02,299,-0.003333333333333327,0.4,142.24,51.36,13.61,-7.04,0.0043,0.3932,142.2,49.2,0.02,0.07,0.099,0.075,0.028,0.007,-10.1905
2026-04-19 17:26:02,300,-0.0016666666666666774,0.4,142.0,51.08,12.93,-6.83,0.0043,0.3932,142.2,49.2,0.01,0.07,0.106,0.075,0.028,0.009,-10.1905
