Horodatage,Essai_ID,X_Voulu,Y_Voulu,Theta1_Cible,Theta4_Cible,Correction_M1,Correction_M2,X_Encodeur,Y_Encodeur,Theta1_Encodeur,Theta4_Encodeur,Courant1,Courant4,Tau1,Tau4,Force1,Force4,Jacobien
2026-04-19 17:25:37,1,0.0,0.4,141.77,50.8,15.0,-1.95,0.0486,0.4556,126.0,51.6,0.0,0.02,-0.6739130434782609,-0.098,-1.0964866015747932,-0.3165783504728488,2.7952515493082615
2026-04-19 17:25:37,2,0.0016666666666666,0.4,141.53,50.52,10.84,-1.02,0.0486,0.4556,126.0,51.6,0.0,0.02,-0.6739130434782609,-0.098,-1.0964866015747932,-0.3165783504728488,2.7952515493082615
2026-04-19 17:25:37,3,0.0033333333333333,0.4,141.29,50.24,15.0,-1.65,0.0442,0.4521,127.2,51.6,0.63,0.03,-0.010869565217391313,-0.091,0.7248643028476544,4.1661536870103415,0.01735023367514887
2026-04-19 17:25:37,4,0.005,0.4,141.05,49.96,12.74,-2.1,0.0317,0.4409,130.8,51.6,0.22,0.05,-0.43478260869565216,-0.085,-2.2231923995508254,-1.7819623131659423,0.22912014996391555
2026-04-19 17:25:37,5,0.0066666666666666,0.4,140.8,49.68,6.8,-2.63,0.0102,0.4185,137.4,51.6,0.01,0.05,-0.6630434782608695,-0.084,-1.251953748071098,-0.451986091330839,1.227274820145691
2026-04-19 17:25:37,6,0.0083333333333333,0.4,140.56,49.4,11.07,-3.2,0.0083,0.4164,138.0,51.6,0.01,0.08,-0.6630434782608695,-0.069,-1.2235238514614868,-0.24402514019816093,2.2665533399014617
2026-04-19 17:25:37,7,0.01,0.4,140.31,49.12,11.84,-3.83,0.0102,0.4185,137.4,51.6,0.01,0.1,0.6630434782608695,-0.06,1.1579154152240956,0.35589549096645995,1.227274820145691
2026-04-19 17:25:37,8,0.0116666666666666,0.4,140.07,48.84,11.71,-4.49,0.0102,0.4185,137.4,51.6,0.01,0.18,0.6630434782608695,-0.017,1.1859963062825756,0.3845892119086009,1.227274820145691
2026-04-19 17:25:37,9,0.0133333333333333,0.4,139.82,48.57,12.01,-5.21,0.0102,0.4185,137.4,51.6,0.01,0.22,0.6630434782608695,-0.003,1.1951389219760342,0.3939313536106933,1.227274820145691
2026-04-19 17:25:37,10,0.015,0.4,139.57,48.29,12.19,-5.97,0.0102,0.4185,137.4,51.6,0.0,0.13,0.6739130434782609,-0.045,1.1873356331564837,0.3723956373752076,1.227274820145691
2026-04-19 17:25:37,11,0.0166666666666666,0.4,139.33,48.02,12.35,-6.77,0.0102,0.4185,137.4,51.6,0.0,0.26,0.6739130434782609,-0.022,1.20235564465288,0.38774344160007373,1.227274820145691
2026-04-19 17:25:37,12,0.0183333333333333,0.4,139.08,47.74,12.45,-6.68,0.0123,0.4166,137.4,51.0,0.0,0.21,0.6739130434782609,0.004,0.9723980735482912,0.11100034179508965,4.785592821150603
2026-04-19 17:25:38,13,0.02,0.4,138.83,47.47,12.51,-7.0,0.0144,0.4147,137.4,50.4,0.01,0.22,0.6630434782608695,0.0,0.6347018508253669,0.04389813884442487,14.485504171975034
2026-04-19 17:25:38,14,0.0216666666666666,0.4,138.57,47.2,12.53,-7.21,0.0165,0.4128,137.4,49.8,0.02,0.21,0.6521739130434782,0.006,-0.6784678913800843,-0.1327215283548047,7.513709328065382
2026-04-19 17:25:38,15,0.0233333333333333,0.4,138.32,46.93,12.51,-6.42,0.0206,0.4089,137.4,48.6,0.02,0.21,0.6521739130434782,0.003,-0.17110694832209727,-0.8871149552656608,0.6272103867084206
2026-04-19 17:25:38,16,0.025,0.4,138.07,46.66,12.42,-7.82,0.0206,0.4089,137.4,48.6,0.01,0.25,0.6630434782608695,0.016,-0.1577078990269569,-0.8963426600201846,0.6272103867084206
2026-04-19 17:25:38,17,0.0266666666666666,0.4,137.81,46.39,13.27,-7.3,0.0244,0.409,136.8,48.0,0.01,0.19,0.6630434782608695,0.013,3.0991875986882627,-1.5970327274213412,0.10431398956523195
2026-04-19 17:25:38,18,0.0283333333333333,0.4,137.56,46.12,12.72,-7.37,0.0264,0.407,136.8,47.4,0.02,0.26,0.6521739130434782,0.022,2.4024490750317344,-0.5669978157552089,0.22024349633375764
2026-04-19 17:25:38,19,0.03,0.4,137.3,45.85,12.69,-8.21,0.0264,0.407,136.8,47.4,0.01,0.28,0.6630434782608695,0.03,2.460142002357436,-0.5712053233806524,0.22024349633375764
2026-04-19 17:25:38,20,0.0316666666666666,0.4,137.04,45.58,12.55,-7.7,0.0284,0.405,136.8,46.8,0.03,0.27,0.6413043478260869,0.025,0.0,0.0,0.002724106053490724
2026-04-19 17:25:38,21,0.0333333333333333,0.4,136.78,45.32,12.36,-7.7,0.0304,0.403,136.8,46.2,0.02,0.24,0.6521739130434782,0.011,-0.23416531722549344,-0.2599144761714105,-1.286656976424746
2026-04-19 17:25:38,22,0.0349999999999999,0.4,136.53,45.05,13.07,-7.54,0.0342,0.403,136.2,45.6,0.02,0.22,0.6521739130434782,0.001,-0.03626511556573416,-0.3393880167349814,-0.7303824770519124
2026-04-19 17:25:38,23,0.0366666666666666,0.4,136.27,44.79,13.36,-7.34,0.0381,0.4031,135.6,45.0,0.02,0.25,0.6521739130434782,0.014,0.3069283064388236,-0.13045644578548551,-0.5534502700632082
2026-04-19 17:25:39,24,0.0383333333333333,0.4,136.0,44.52,12.83,-8.02,0.0381,0.4031,135.6,45.0,0.0,0.2,0.6739130434782609,0.007,0.37146469915582364,-0.12922042020667046,-0.5534502700632082
2026-04-19 17:25:39,25,0.04,0.4,135.74,44.26,12.74,-7.31,0.04,0.401,135.6,44.4,0.0,0.25,0.6739130434782609,0.016,-3.613623818945655,4.51974823764588,0.11685497654121746
2026-04-19 17:25:39,26,0.0416666666666666,0.4,135.48,44.0,12.52,-8.07,0.04,0.401,135.6,44.4,0.04,0.27,0.6304347826086956,0.027,-3.4093271078878833,4.245021024195272,0.11685497654121746
2026-04-19 17:25:39,27,0.0433333333333333,0.4,135.21,43.73,13.21,-8.28,0.0419,0.4031,135.0,44.4,0.02,0.23,0.6521739130434782,0.008,-0.11354343362578351,0.2726735867820045,3.656350126185792
2026-04-19 17:25:39,28,0.045,0.4,134.95,43.47,12.53,-7.69,0.0438,0.401,135.0,43.8,0.0,0.23,0.6739130434782609,0.005,0.2512346030983676,0.3957730665406363,-1.5708302614951746
2026-04-19 17:25:39,29,0.0466666666666666,0.4,134.68,43.22,12.37,-8.46,0.0438,0.401,135.0,43.8,0.0,0.26,0.6739130434782609,0.022,0.2658481622965495,0.38976419059154327,-1.5708302614951746
2026-04-19 17:25:39,30,0.0483333333333333,0.4,134.42,42.96,13.01,-7.76,0.0476,0.4009,134.4,43.2,0.03,0.3,0.6413043478260869,0.042,-0.682241833474856,-0.6688403596075531,0.37769965342222234
2026-04-19 17:25:39,31,0.05,0.4,134.15,42.7,13.24,-8.52,0.0496,0.403,133.8,43.2,0.02,0.2,0.6521739130434782,0.01,-0.8042526673455147,-1.6666382891131284,0.11099827551722986
2026-04-19 17:25:39,32,0.0516666666666666,0.4,133.88,42.44,12.65,-7.8,0.0515,0.4008,133.8,42.6,0.01,0.26,0.6630434782608695,0.02,-0.08155596962099501,-0.6991960058411043,0.6778567112347312
2026-04-19 17:25:39,33,0.0533333333333333,0.4,133.61,42.19,12.5,-8.56,0.0515,0.4008,133.8,42.6,0.0,0.27,0.6739130434782609,0.024,-0.07842436906801224,-0.7163901034603344,0.6778567112347312
2026-04-19 17:25:39,34,0.055,0.4,133.34,41.93,13.17,-7.82,0.0553,0.4007,133.2,42.0,0.02,0.19,0.6521739130434782,0.016,0.12227128797728583,-0.5440454210664957,1.3436391051670213
2026-04-19 17:25:39,35,0.0566666666666666,0.4,133.07,41.68,13.41,-7.61,0.0591,0.4006,132.6,41.4,0.02,0.22,0.6521739130434782,0.001,0.3030264449386394,-0.5172115223556009,1.02036831135828
2026-04-19 17:25:40,36,0.0583333333333333,0.4,132.8,41.43,12.85,-8.19,0.0591,0.4006,132.6,41.4,0.0,0.21,0.6739130434782609,0.006,0.32016991970976033,-0.535996453424313,1.02036831135828
2026-04-19 17:25:40,37,0.06,0.4,132.53,41.17,12.71,-7.39,0.0609,0.3984,132.6,40.8,0.0,0.26,0.6739130434782609,0.023,-1.4549446847259122,0.10672294379532009,-0.33670647942883586
2026-04-19 17:25:40,38,0.0616666666666666,0.4,132.26,40.92,12.44,-8.04,0.0609,0.3984,132.6,40.8,0.03,0.21,0.6413043478260869,0.005,-1.2270582545581363,0.06677641801857,-0.33670647942883586
2026-04-19 17:25:40,39,0.0633333333333333,0.4,131.98,40.67,13.09,-8.16,0.0629,0.4004,132.0,40.8,0.02,0.17,0.6521739130434782,0.023,-0.07106113387394328,-0.42909753543557577,-6.172417240335818
2026-04-19 17:25:40,40,0.065,0.4,131.71,40.43,13.3,-7.47,0.0667,0.4002,131.4,40.2,0.01,0.23,0.6630434782608695,0.006,3.087752595137639,1.2857721456984643,0.13604303151715713
2026-04-19 17:25:40,41,0.0666666666666666,0.4,131.43,40.18,12.71,-7.19,0.0685,0.398,131.4,39.6,0.01,0.23,0.6630434782608695,0.008,3.3044913043575157,2.08950777249002,0.17765787761032975
2026-04-19 17:25:40,42,0.0683333333333333,0.4,131.16,39.93,12.53,-7.71,0.0685,0.398,131.4,39.6,0.01,0.17,0.6630434782608695,0.024,3.390518591228166,2.1619754684507004,0.17765787761032975
2026-04-19 17:25:40,43,0.0699999999999999,0.4,130.88,39.69,12.24,-7.8,0.0685,0.398,131.4,39.6,0.02,0.18,0.6521739130434782,0.017,3.299414806321892,2.096610623197252,0.17765787761032975
2026-04-19 17:25:40,44,0.0716666666666666,0.4,130.6,39.44,12.85,-8.02,0.0705,0.3999,130.8,39.6,0.02,0.18,0.6521739130434782,0.018,-0.3976899293468036,-0.7038731314433054,-0.5915006771157282
2026-04-19 17:25:40,45,0.0733333333333333,0.4,130.32,39.2,13.03,-7.31,0.0743,0.3997,130.2,39.0,0.03,0.18,0.6413043478260869,0.019,0.04307584657179234,-0.5728570909598601,-1.0332349067084439
2026-04-19 17:25:40,46,0.075,0.4,130.04,38.95,12.4,-7.98,0.0743,0.3997,130.2,39.0,0.02,0.17,0.6521739130434782,0.023,0.04000896487961726,-0.5850667456919504,-1.0332349067084439
2026-04-19 17:25:40,47,0.0766666666666666,0.4,129.76,38.71,12.19,-7.17,0.0761,0.3974,130.2,38.4,0.01,0.21,0.6630434782608695,0.003,-1.030542053832433,-2.870762223898866,-0.19525293034385793
2026-04-19 17:25:41,48,0.0783333333333333,0.4,129.48,38.47,12.81,-7.83,0.0781,0.3994,129.6,38.4,0.02,0.23,0.6521739130434782,0.007,0.7779972070662772,-1.4017787294420907,-0.4136809529466693
2026-04-19 17:25:41,49,0.08,0.4,129.2,38.23,13.0,-7.94,0.0802,0.4013,129.0,38.4,0.01,0.2,0.6630434782608695,0.008,-3.7468615939854826,6.827293121542396,0.09020987772883808
2026-04-19 17:25:41,50,0.0816666666666666,0.4,128.92,38.0,12.38,-7.25,0.0819,0.399,129.0,37.8,0.01,0.19,0.6630434782608695,0.015,-0.1595975251741641,0.3364210339124853,2.8990973708934535
2026-04-19 17:25:41,51,0.0833333333333333,0.4,128.64,37.76,12.19,-7.91,0.0819,0.399,129.0,37.8,0.05,0.19,0.6195652173913042,0.016,-0.15017270704626978,0.31371158715164743,2.8990973708934535
2026-04-19 17:25:41,52,0.085,0.4,128.36,37.52,12.81,-8.04,0.0841,0.4009,128.4,37.8,0.03,0.16,0.6413043478260869,0.029,0.6635277617088322,0.568796125832186,-0.564791493698549
2026-04-19 17:25:41,53,0.0866666666666666,0.4,128.07,37.29,12.07,-7.36,0.0857,0.3986,128.4,37.2,0.01,0.16,0.6630434782608695,0.028,-3.154550375168294,-2.1882088040200047,0.10958829986263414
2026-04-19 17:25:41,54,0.0883333333333333,0.4,127.79,37.05,12.79,-8.04,0.0879,0.4005,127.8,37.2,0.01,0.2,0.6630434782608695,0.01,-0.7284046287761079,-0.36626500491089836,0.2599943155425098
2026-04-19 17:25:41,55,0.09,0.4,127.5,36.82,12.04,-8.19,0.0879,0.4005,127.8,37.2,0.02,0.19,0.6521739130434782,0.016,-0.7256521554352029,-0.38646157146241844,0.2599943155425098
2026-04-19 17:25:41,56,0.0916666666666666,0.4,127.22,36.59,11.82,-7.52,0.0895,0.3982,127.8,36.6,0.02,0.2,0.6521739130434782,0.008,-0.3228506295443506,-0.6127957580728846,0.5083966242732704
2026-04-19 17:25:41,57,0.0933333333333333,0.4,126.93,36.36,13.34,-8.21,0.0939,0.4019,126.6,36.6,0.03,0.2,0.6413043478260869,0.01,0.959027233291104,-2.8695809426709205,0.20209582223856343
2026-04-19 17:25:41,58,0.095,0.4,126.64,36.13,12.17,-7.42,0.0955,0.3996,126.6,36.0,0.01,0.13,0.6630434782608695,0.044,0.0954058996098877,-0.9921287168676771,0.8257241717214703
2026-04-19 17:25:41,59,0.0966666666666666,0.4,126.35,35.9,13.03,-7.15,0.0993,0.3991,126.0,35.4,0.01,0.08,0.6630434782608695,0.069,0.25713682235868424,-0.6435284530948592,0.9858729751945241
2026-04-19 17:25:42,60,0.0983333333333333,0.4,126.06,35.68,12.33,-5.77,0.1025,0.3945,126.0,34.2,0.0,0.06,0.6739130434782609,0.079,-0.08795334744384428,-0.7059858280936121,-5.1651472730412635
2026-04-19 17:25:42,61,0.1,0.4,125.78,35.45,13.11,-5.7,0.1063,0.3939,125.4,33.6,0.01,0.03,0.6630434782608695,0.095,13.360172096428734,8.37532439737692,0.04217561571250109
2026-04-19 17:25:42,62,0.1,0.3983333333333334,125.98,35.18,13.19,-5.98,0.1063,0.3939,125.4,33.6,0.0,0.03,0.6739130434782609,0.092,13.469687141364052,8.438615306329597,0.04217561571250109
2026-04-19 17:25:42,63,0.1,0.3966666666666666,126.18,34.9,14.45,-5.91,0.1085,0.3957,124.8,33.6,0.08,0.06,0.5869565217391305,0.077,-1.8612852439924321,-1.5466766661047349,-0.21441189857134385
2026-04-19 17:25:42,64,0.1,0.395,126.38,34.63,14.36,-5.94,0.1085,0.3957,124.8,33.6,0.13,0.06,0.5326086956521738,0.08,-1.7596407097982802,-1.4473145304149886,-0.21441189857134385
2026-04-19 17:25:42,65,0.1,0.3933333333333333,126.58,34.36,14.88,-6.0,0.1085,0.3957,124.8,33.6,0.26,0.08,0.3913043478260869,0.07,-1.3711351942976764,-1.1119211705680154,-0.21441189857134385
2026-04-19 17:25:42,66,0.1,0.3916666666666666,126.78,34.09,15.0,-6.13,0.1085,0.3957,124.8,33.6,0.26,0.08,0.3913043478260869,0.069,-1.3641559961743164,-1.1075924173627552,-0.21441189857134385
2026-04-19 17:25:42,67,0.1,0.39,126.97,33.82,14.59,-6.27,0.1063,0.3939,125.4,33.6,0.31,0.12,-0.33695652173913043,0.046,-4.524277381133661,-2.7252743311638756,0.04217561571250109
2026-04-19 17:25:42,68,0.1,0.3883333333333333,127.17,33.54,15.0,-6.48,0.1063,0.3939,125.4,33.6,0.32,0.12,-0.3260869565217391,0.047,-4.318650762739719,-2.5970254516894196,0.04217561571250109
2026-04-19 17:25:42,69,0.1,0.3866666666666666,127.36,33.27,15.0,-6.72,0.1063,0.3939,125.4,33.6,0.37,0.18,-0.2717391304347826,0.021,-4.035382365074354,-2.459205325860931,0.04217561571250109
2026-04-19 17:25:42,70,0.1,0.385,127.56,33.0,15.0,-7.02,0.1063,0.3939,125.4,33.6,0.35,0.21,-0.29347826086956524,0.002,-4.855109789061391,-2.991774459527404,0.04217561571250109
2026-04-19 17:25:42,71,0.1,0.3833333333333333,127.75,32.73,15.0,-7.36,0.1063,0.3939,125.4,33.6,0.43,0.21,-0.20652173913043478,0.005,-3.3302363087331397,-2.0469808868839827,0.04217561571250109
2026-04-19 17:25:43,72,0.1,0.3816666666666667,127.94,32.47,15.0,-7.74,0.1063,0.3939,125.4,33.6,0.41,0.29,-0.2282608695652174,0.037,-2.9245411711227143,-1.7513358963977703,0.04217561571250109
2026-04-19 17:25:43,73,0.1,0.38,128.13,32.2,15.0,-8.16,0.1041,0.3921,126.0,33.6,0.04,0.25,-0.6304347826086956,0.014,4.863499598889049,3.544276273912294,-0.07139936703050534
2026-04-19 17:25:43,74,0.1,0.3783333333333333,128.32,31.93,15.0,-7.7,0.1035,0.3879,126.6,33.0,0.01,0.23,-0.6630434782608695,0.005,0.2300701029627229,0.6632308098919412,2.200977827797978
2026-04-19 17:25:43,75,0.1,0.3766666666666667,128.5,31.66,15.0,-7.64,0.105,0.3855,126.6,32.4,0.02,0.18,-0.6521739130434782,0.021,0.6003636135118786,-0.8177144792715622,0.05161390481129162
2026-04-19 17:25:43,76,0.1,0.375,128.69,31.39,15.0,-7.47,0.1065,0.3832,126.6,31.8,0.03,0.16,-0.6413043478260869,0.027,0.770539888185882,0.09967488803436228,-1.1791028553290805
2026-04-19 17:25:43,77,0.1,0.3733333333333333,128.88,31.12,15.0,-7.24,0.1058,0.3789,127.2,31.2,0.04,0.2,-0.6304347826086956,0.009,0.5566422351450245,0.08165731265070704,-0.6589902099445577
2026-04-19 17:25:43,78,0.1,0.3716666666666667,129.06,30.86,15.0,-7.91,0.1058,0.3789,127.2,31.2,0.02,0.17,-0.6521739130434782,0.022,0.5830354426638353,0.10733805210282595,-0.6589902099445577
2026-04-19 17:25:43,79,0.1,0.37,129.24,30.59,15.0,-7.19,0.1073,0.3765,127.2,30.6,0.04,0.2,-0.6304347826086956,0.01,0.4192309541184562,-0.9514203187894542,-0.2087843309513727
2026-04-19 17:25:43,80,0.1,0.3683333333333333,129.43,30.32,15.0,-7.92,0.1073,0.3765,127.2,30.6,0.03,0.2,-0.6413043478260869,0.009,0.42573697370177316,-0.9746297729443222,-0.2087843309513727
2026-04-19 17:25:43,81,0.1,0.3666666666666667,129.61,30.06,15.0,-7.17,0.1065,0.3722,127.8,30.0,0.03,0.18,-0.6413043478260869,0.018,0.0667678862036088,0.2651540354198898,1.5392926776529083
2026-04-19 17:25:43,82,0.1,0.365,129.79,29.79,15.0,-7.9,0.1065,0.3722,127.8,30.0,0.03,0.17,-0.6413043478260869,0.022,0.07301158416934019,0.2649900451016966,1.5392926776529083
2026-04-19 17:25:43,83,0.1,0.3633333333333333,129.97,29.53,15.0,-7.14,0.1079,0.3697,127.8,29.4,0.03,0.13,-0.6413043478260869,0.044,3.852767331913834,-2.276359510143457,-0.09125621421959693
2026-04-19 17:25:44,84,0.1,0.3616666666666667,130.14,29.26,15.0,-7.85,0.1058,0.3678,128.4,29.4,0.03,0.13,-0.6413043478260869,0.042,-3.8969526578416134,0.729914171809256,0.3027320451728287
2026-04-19 17:25:44,85,0.1,0.36,130.32,28.99,15.0,-7.08,0.1072,0.3654,128.4,28.8,0.02,0.15,-0.6521739130434782,0.033,-1.1665881003701641,-0.07117929251386272,3.940519466268043
2026-04-19 17:25:44,86,0.1,0.3583333333333333,130.5,28.73,15.0,-7.78,0.1072,0.3654,128.4,28.8,0.03,0.13,-0.6413043478260869,0.044,-1.1476803603179955,-0.06838703263513982,3.940519466268043
2026-04-19 17:25:44,87,0.1,0.3566666666666667,130.67,28.46,15.0,-7.0,0.1086,0.3629,128.4,28.2,0.04,0.13,-0.6304347826086956,0.042,0.126427578842194,0.031192985300839544,92.80340474914786
2026-04-19 17:25:44,88,0.1,0.355,130.85,28.2,15.0,-7.69,0.1064,0.361,129.0,28.2,0.03,0.13,-0.6413043478260869,0.042,0.9688742555559324,-0.18130996832526036,-2.0944648910911714
2026-04-19 17:25:44,89,0.1,0.3533333333333333,131.02,27.93,15.0,-7.84,0.1064,0.361,129.0,28.2,0.04,0.12,-0.6304347826086956,0.05,0.9547017247604795,-0.17590461521946776,-2.0944648910911714
2026-04-19 17:25:44,90,0.1,0.3516666666666667,131.19,27.67,15.0,-7.19,0.1078,0.3585,129.0,27.6,0.02,0.21,-0.6521739130434782,0.003,3.0742398748434683,-0.02504518756913628,-0.7196251762399555
2026-04-19 17:25:44,91,0.1,0.35,131.36,27.4,15.0,-6.95,0.107,0.3541,129.6,27.0,0.04,0.14,-0.6304347826086956,0.037,-2.509082215312342,-1.292588562289096,0.14642563698027986
2026-04-19 17:25:44,92,0.1,0.3483333333333333,131.53,27.14,15.0,-7.52,0.107,0.3541,129.6,27.0,0.02,0.19,-0.6521739130434782,0.016,-2.624744662356406,-1.3903982544008513,0.14642563698027986
2026-04-19 17:25:44,93,0.1,0.3466666666666667,131.7,26.87,15.0,-7.66,0.107,0.3541,129.6,27.0,0.04,0.16,-0.6304347826086956,0.031,-2.5169317083367897,-1.306928121195769,0.14642563698027986
2026-04-19 17:25:44,94,0.1,0.345,131.87,26.61,15.0,-6.98,0.1083,0.3516,129.6,26.4,0.03,0.19,-0.6413043478260869,0.012,-0.21801279881917443,0.18733688785488492,-0.7469917978844293
2026-04-19 17:25:44,95,0.1,0.3433333333333333,132.03,26.34,15.0,-7.66,0.1083,0.3516,129.6,26.4,0.03,0.16,-0.6413043478260869,0.031,-0.2902024693445057,0.1745485827038431,-0.7469917978844293
2026-04-19 17:25:45,96,0.1,0.3416666666666667,132.2,26.08,15.0,-7.82,0.1083,0.3516,129.6,26.4,0.06,0.18,-0.6086956521739131,0.017,-0.22824299633138828,0.17403525394522992,-0.7469917978844293
2026-04-19 17:25:45,97,0.1,0.34,132.36,25.82,15.0,-7.18,0.1075,0.3471,130.2,25.8,0.03,0.19,-0.6413043478260869,0.013,1.324048062557094,3.27453719184757,-0.16077858356096283
2026-04-19 17:25:45,98,0.1,0.3383333333333333,132.53,25.55,15.0,-7.89,0.1075,0.3471,130.2,25.8,0.03,0.16,-0.6413043478260869,0.029,1.2799994345030714,3.2137999760108866,-0.16077858356096283
2026-04-19 17:25:45,99,0.1,0.3366666666666666,132.69,25.29,15.0,-8.09,0.1075,0.3471,130.2,25.8,0.03,0.14,-0.6413043478260869,0.038,1.2552220812226837,3.1796352921027524,-0.16077858356096283
2026-04-19 17:25:45,100,0.1,0.3349999999999999,132.85,25.02,15.0,-7.48,0.1066,0.3426,130.8,25.2,0.03,0.26,-0.6413043478260869,0.021,-0.7865582981874955,-0.08293674849967865,5.379284735018873
2026-04-19 17:25:45,101,0.1,0.3333333333333333,133.01,24.76,15.0,-8.23,0.1066,0.3426,130.8,25.2,0.03,0.16,-0.6413043478260869,0.027,-0.7855973690815582,-0.08192601509799538,5.379284735018873
2026-04-19 17:25:45,102,0.1,0.3316666666666666,133.17,24.49,15.0,-7.51,0.1078,0.3401,130.8,24.6,0.04,0.14,-0.6304347826086956,0.039,-0.038295667893666556,-0.008234097410938277,1377.9669231671699
2026-04-19 17:25:45,103,0.1,0.33,133.33,24.23,15.0,-7.32,0.107,0.3356,131.4,24.0,0.03,0.1,-0.6413043478260869,0.058,0.013650715345488923,0.5999555888313464,0.9993266640613059
2026-04-19 17:25:45,104,0.1,0.3283333333333333,133.49,23.96,15.0,-6.97,0.1081,0.333,131.4,23.4,0.02,0.09,-0.6521739130434782,0.064,0.14698128740582217,0.7197758515207111,0.8507225866275776
2026-04-19 17:25:45,105,0.1,0.3266666666666666,133.64,23.7,15.0,-6.57,0.1093,0.3305,131.4,22.8,0.04,0.08,-0.6304347826086956,0.069,-1.330637982704129,0.9851039322767641,0.09039096496875322
2026-04-19 17:25:45,106,0.1,0.325,133.8,23.43,15.0,-6.13,0.1104,0.3279,131.4,22.2,0.03,0.09,-0.6413043478260869,0.064,-0.05876212992500208,0.19628780272385696,4.229399554694894
2026-04-19 17:25:45,107,0.1,0.3233333333333333,133.95,23.17,15.0,-6.57,0.1084,0.3259,132.0,22.2,0.02,0.1,-0.6521739130434782,0.061,0.2593118140111256,0.32138159390467086,-1.0438923401531375
2026-04-19 17:25:46,108,0.1,0.3216666666666666,134.11,22.9,15.0,-6.58,0.1084,0.3259,132.0,22.2,0.02,0.1,-0.6521739130434782,0.059,0.2619522558600196,0.31983552182999847,-1.0438923401531375
2026-04-19 17:25:46,109,0.1,0.32,134.26,22.64,15.0,-6.71,0.1084,0.3259,132.0,22.2,0.03,0.11,-0.6413043478260869,0.054,0.2628892723088813,0.3113999017161982,-1.0438923401531375
2026-04-19 17:25:46,110,0.1,0.3183333333333333,134.41,22.37,15.0,-5.92,0.1095,0.3233,132.0,21.6,0.04,0.09,-0.6304347826086956,0.063,-0.19554557314374874,0.2545516784585711,1.6155172620096605
2026-04-19 17:25:46,111,0.1,0.3166666666666666,134.56,22.1,15.0,-6.51,0.1095,0.3233,132.0,21.6,0.03,0.07,-0.6413043478260869,0.076,-0.18725838082226942,0.267539369245527,1.6155172620096605
2026-04-19 17:25:46,112,0.1,0.315,134.71,21.84,15.0,-6.59,0.1074,0.3213,132.6,21.6,0.02,0.09,-0.6521739130434782,0.065,0.056086895015769696,0.24659002172295402,-4.001686884896851
2026-04-19 17:25:46,113,0.1,0.3133333333333333,134.86,21.57,15.0,-6.79,0.1074,0.3213,132.6,21.6,0.02,0.13,-0.6521739130434782,0.043,0.0685618943640543,0.23751064403089173,-4.001686884896851
2026-04-19 17:25:46,114,0.1,0.3116666666666666,135.0,21.31,15.0,-6.08,0.1085,0.3187,132.6,21.0,0.04,0.18,-0.6304347826086956,0.02,-0.2659178380336087,0.1772708275838017,0.9506789121570604
2026-04-19 17:25:46,115,0.1,0.31,135.15,21.04,15.0,-6.76,0.1065,0.3166,133.2,21.0,0.03,0.15,-0.6413043478260869,0.034,0.0020935235753802494,0.11638236180368336,-19.718872205750284
2026-04-19 17:25:46,116,0.1,0.3083333333333333,135.3,20.77,15.0,-6.91,0.1065,0.3166,133.2,21.0,0.02,0.18,-0.6521739130434782,0.017,0.006985368093337948,0.11528494015521609,-19.718872205750284
2026-04-19 17:25:46,117,0.1,0.3066666666666666,135.44,20.5,15.0,-7.19,0.1065,0.3166,133.2,21.0,0.03,0.14,-0.6413043478260869,0.04,0.00043571082908830025,0.11743036704416505,-19.718872205750284
2026-04-19 17:25:46,118,0.1,0.305,135.58,20.24,15.0,-6.56,0.1075,0.314,133.2,20.4,0.03,0.18,-0.6413043478260869,0.019,0.5052909679514738,1.0702613454199421,-0.21202975841327626
2026-04-19 17:25:46,119,0.1,0.3033333333333333,135.72,19.97,15.0,-7.31,0.1075,0.314,133.2,20.4,0.05,0.17,-0.6195652173913042,0.025,0.4895251198831989,1.076637954076672,-0.21202975841327626
2026-04-19 17:25:47,120,0.1,0.3016666666666666,135.87,19.7,15.0,-7.55,0.1075,0.314,133.2,20.4,0.05,0.21,-0.6195652173913042,0.002,0.48480795483952827,0.9289719340856007,-0.21202975841327626
2026-04-19 17:25:47,121,0.1,0.3,136.01,19.43,15.0,-7.91,0.1055,0.312,133.8,20.4,0.03,0.17,-0.6413043478260869,0.022,-0.002183754148846977,-0.05670661793826134,116.77089488584953
2026-04-19 17:25:47,122,0.0966666666666666,0.3,136.73,20.03,15.0,-5.99,0.1066,0.3094,133.8,19.8,0.02,0.19,-0.6521739130434782,0.012,0.6477857983128407,-0.659484458440775,0.15944349325212445
2026-04-19 17:25:47,123,0.0933333333333333,0.3,137.46,20.64,15.0,-5.05,0.1076,0.3068,133.8,19.2,0.02,0.09,-0.6521739130434782,0.062,-0.12591857556198205,-1.6670535359958272,0.11620318151015555
2026-04-19 17:25:47,124,0.09,0.3,138.19,21.26,15.0,-4.64,0.1036,0.3026,135.0,19.2,0.08,0.11,-0.5869565217391305,0.055,0.04717943333765814,-0.23953227329856672,5.2299276910953
2026-04-19 17:25:47,125,0.0866666666666666,0.3,138.92,21.88,15.0,-3.66,0.1017,0.3004,135.6,19.2,0.02,0.02,-0.6521739130434782,0.099,2.3307883593007306,-2.92380662242785,0.16294497165228133
2026-04-19 17:25:47,126,0.0833333333333333,0.3,139.64,22.51,15.0,-2.67,0.0998,0.2983,136.2,19.2,0.06,0.02,-0.6086956521739131,0.1,-0.5775168126802644,1.580718016754261,-0.2475864217540951
2026-04-19 17:25:47,127,0.08,0.3,140.36,23.14,15.0,-1.55,0.0979,0.2961,136.8,19.2,0.02,0.11,-0.6521739130434782,0.056,-1.1749271824185694,-0.30054519941211705,1.4316366349524032
2026-04-19 17:25:47,128,0.0766666666666666,0.3,141.08,23.78,15.0,-1.26,0.0931,0.2944,138.0,19.8,0.04,0.02,-0.6304347826086956,-0.098,-0.8912749859555192,-0.09486785810323829,6.8408438661782975
2026-04-19 17:25:47,129,0.0733333333333333,0.3,141.8,24.43,15.0,-2.35,0.0881,0.3,138.6,21.6,0.01,0.03,-0.6630434782608695,-0.095,0.08826492491345639,0.6746780553877673,-5.062797577195822
2026-04-19 17:25:47,130,0.07,0.3,142.52,25.08,15.0,-0.87,0.0852,0.3003,139.2,22.2,0.05,0.03,-0.6195652173913042,-0.094,0.5930180762675844,0.12443633693831607,-1.0315157042888876
2026-04-19 17:25:48,131,0.0666666666666666,0.3,143.24,25.73,15.0,0.44,0.0834,0.2981,139.8,22.2,0.01,0.03,-0.6630434782608695,-0.096,0.882438904720417,0.30896452290447535,-0.6079774111302855
2026-04-19 17:25:48,132,0.0633333333333333,0.3,143.95,26.39,15.0,-0.33,0.0794,0.301,140.4,23.4,0.04,0.14,-0.6304347826086956,-0.041,-1.1802738199233578,3.0526879656810895,0.10776573905327028
2026-04-19 17:25:48,133,0.06,0.3,144.66,27.06,15.0,-0.15,0.0753,0.3038,141.0,24.6,0.02,0.02,-0.6521739130434782,-0.096,4.147966423085455,3.2143598272636895,0.09046408675563611
2026-04-19 17:25:48,134,0.0566666666666666,0.3,145.37,27.73,15.0,-1.17,0.0682,0.3068,142.2,26.4,0.07,0.06,-0.5978260869565217,-0.076,0.17642415821780474,0.17563945565409977,-1.0134542913174773
2026-04-19 17:25:48,135,0.0533333333333333,0.3,146.07,28.4,15.0,0.97,0.0665,0.3045,142.8,26.4,0.02,0.03,-0.6521739130434782,-0.095,0.04356400175352211,0.733884103468814,-0.889165704119652
2026-04-19 17:25:48,136,0.05,0.3,146.78,29.08,15.0,0.74,0.0635,0.3047,143.4,27.0,0.02,0.02,-0.6521739130434782,-0.101,0.7302205444306786,1.0193824265089018,-0.4884595022868496
2026-04-19 17:25:48,137,0.0466666666666666,0.3,147.48,29.76,15.0,2.22,0.0635,0.3047,143.4,27.0,0.05,0.21,-0.6195652173913042,-0.004,0.44822926206735697,0.79384979879737,-0.4884595022868496
2026-04-19 17:25:48,138,0.0433333333333333,0.3,148.17,30.45,15.0,-0.57,0.0549,0.31,144.6,29.4,0.01,0.03,-0.6630434782608695,-0.094,-0.15816575738571842,0.6127921244149402,1.1115434718339845
2026-04-19 17:25:48,139,0.04,0.3,148.86,31.14,15.0,-0.67,0.0491,0.315,145.2,31.2,0.01,0.02,-0.6630434782608695,-0.1,0.998724120330748,-0.12956812059388717,-1.3310038896933056
2026-04-19 17:25:48,140,0.0366666666666666,0.3,149.55,31.83,15.0,1.06,0.0475,0.3126,145.8,31.2,0.01,0.02,-0.6630434782608695,-0.098,0.5723007398334655,-0.07037666384724076,-1.1615302799112108
2026-04-19 17:25:48,141,0.0333333333333333,0.3,150.24,32.52,15.0,1.61,0.0475,0.3126,145.8,31.2,0.03,0.18,-0.6413043478260869,-0.021,0.5718920831536689,0.0032716451320663645,-1.1615302799112108
2026-04-19 17:25:48,142,0.03,0.3,150.92,33.22,15.0,0.57,0.0415,0.3127,147.0,32.4,0.01,0.03,-0.6630434782608695,-0.091,0.05381490428012272,-0.09035470005228632,14.993532620262968
2026-04-19 17:25:49,143,0.0266666666666666,0.3,151.6,33.93,15.0,0.39,0.0385,0.3175,147.0,33.6,0.04,0.04,-0.6304347826086956,-0.089,0.5909905878299931,-0.2799481974631792,-0.6957775811337454
2026-04-19 17:25:49,144,0.0233333333333333,0.3,152.27,34.63,15.0,0.95,0.0339,0.315,148.2,34.2,0.01,0.03,-0.6630434782608695,-0.092,9.116341557000974,-0.33167408868214804,-0.27576555464292496
2026-04-19 17:25:49,145,0.0199999999999999,0.3,152.94,35.34,15.0,1.06,0.0309,0.315,148.8,34.8,0.02,0.12,-0.6521739130434782,-0.05,-10.567728248753113,2.4850477776401765,0.10056113531027136
2026-04-19 17:25:49,146,0.0166666666666666,0.3,153.61,36.05,15.0,0.32,0.0262,0.3172,149.4,36.0,0.01,0.06,-0.6630434782608695,-0.077,-0.12157073244973955,2.9450206458987735,0.04972070141107662
2026-04-19 17:25:49,147,0.0133333333333333,0.3,154.27,36.76,15.0,0.9,0.0232,0.3171,150.0,36.6,0.03,0.06,-0.6413043478260869,-0.08,0.1611904759875705,0.7274187782156933,0.7890587304197477
2026-04-19 17:25:49,148,0.0099999999999999,0.3,154.92,37.48,15.0,0.96,0.0188,0.3145,151.2,37.2,0.0,0.15,-0.6739130434782609,-0.034,3.584562692478343,-1.029750759017655,-0.32706185671969856
2026-04-19 17:25:49,149,0.0066666666666666,0.3,155.57,38.2,15.0,2.07,0.0161,0.3095,152.4,37.2,0.01,0.07,-0.6630434782608695,-0.074,0.43966716407650464,-0.3700427585519653,-0.4002733555493024
2026-04-19 17:25:49,150,0.0033333333333333,0.3,156.22,38.92,15.0,0.91,0.0114,0.3116,153.0,38.4,0.0,0.38,-0.6739130434782609,-0.081,-7.190857291985462,-3.3280235500470985,-0.03934259245058521
2026-04-19 17:25:49,151,0.0,0.3,156.86,39.64,15.0,1.68,0.0071,0.3089,154.2,39.0,0.01,0.17,-0.6630434782608695,-0.022,-2.7142312279213114,3.22893644367902,-0.038717074846362325
2026-04-19 17:25:49,152,-0.0033333333333333,0.3,157.49,40.36,15.0,2.75,0.0047,0.3038,155.4,39.0,0.04,0.4,-0.6304347826086956,-0.089,0.06024751129293913,0.7021376952792182,-0.8893183046513482
2026-04-19 17:25:49,153,-0.0066666666666666,0.3,158.12,41.08,15.0,2.61,0.0018,0.3035,156.0,39.6,0.01,0.56,-0.6630434782608695,-0.171,1.0371730422548155,1.2378599018105207,-0.45017282637324285
2026-04-19 17:25:49,154,-0.01,0.3,158.74,41.81,15.0,3.05,-0.0012,0.3032,156.6,40.2,0.1,0.63,-0.5652173913043478,-0.206,-4.193202289141696,-2.007316034656704,0.15323862529346857
2026-04-19 17:25:50,155,-0.0133333333333333,0.3,159.36,42.54,15.0,3.42,-0.0052,0.3003,157.8,40.8,0.08,0.89,-0.5869565217391305,-0.336,-20.790394665836573,2.72444447265841,0.10529220761451104
2026-04-19 17:25:50,156,-0.0166666666666666,0.3,159.97,43.27,15.0,4.77,-0.0063,0.2977,158.4,40.8,0.19,0.91,-0.46739130434782605,-0.344,0.8436010742619733,0.0689365176643361,-0.688406158739524
2026-04-19 17:25:50,157,-0.0199999999999999,0.3,160.57,43.99,15.0,4.81,-0.0092,0.2974,159.0,41.4,0.07,1.52,-0.5978260869565217,-0.649,1.677778590522626,-0.408076654214204,-0.5216223960010516
2026-04-19 17:25:50,158,-0.0233333333333333,0.3,161.17,44.72,15.0,6.38,-0.0102,0.2948,159.6,41.4,0.1,1.65,-0.5652173913043478,-0.711,-3.5367623151859084,-0.31133203389219405,0.6941828468058306
2026-04-19 17:25:50,159,-0.0266666666666666,0.3,161.76,45.46,15.0,7.51,-0.0113,0.2922,160.2,41.4,0.1,1.83,-0.5652173913043478,-0.801,-0.22933808316444237,-0.08420256764032326,38.44766454788048
2026-04-19 17:25:50,160,-0.03,0.3,162.34,46.19,15.0,8.86,-0.0123,0.2896,160.8,41.4,0.16,1.85,-0.49999999999999994,-0.812,-0.09379600133082666,-0.7999381115001667,-1.555263735573127
2026-04-19 17:25:50,161,-0.0333333333333333,0.3,162.92,46.92,15.0,10.3,-0.0132,0.287,161.4,41.4,0.02,1.85,-0.6521739130434782,-0.812,5.877513785437724,-4.351824221852923,-0.09537721954902961
2026-04-19 17:25:50,162,-0.0366666666666666,0.3,163.49,47.65,15.0,11.86,-0.0132,0.287,161.4,41.4,0.05,1.85,-0.6195652173913042,-0.812,5.502389402942351,-4.121308526359703,-0.09537721954902961
2026-04-19 17:25:50,163,-0.0399999999999999,0.3,164.05,48.38,15.0,13.57,-0.0142,0.2843,162.0,41.4,0.0,1.86,-0.6739130434782609,-0.814,-4.099586913759443,0.7000082034553526,0.2497340831569934
2026-04-19 17:25:50,164,-0.0433333333333333,0.3,164.61,49.12,15.0,6.9,-0.0315,0.3036,162.0,46.8,0.01,1.83,-0.6630434782608695,-0.804,19.213631619031123,5.020570511554537,-0.06394590580952549
2026-04-19 17:25:50,165,-0.0466666666666666,0.3,165.16,49.85,15.0,0.91,-0.058,0.3244,162.6,54.0,0.01,0.62,-0.6630434782608695,-0.201,-0.05449996699557906,0.11378766565317901,19.394992075680246
2026-04-19 17:25:50,166,-0.05,0.3,165.7,50.58,15.0,-9.1,-0.0955,0.3508,162.6,63.6,0.01,0.43,-0.6630434782608695,-0.104,-0.9650872256569432,-0.11844812027988035,5.096392432358443
2026-04-19 17:25:51,167,-0.0533333333333333,0.3,166.23,51.31,15.0,-3.84,-0.0965,0.3482,163.2,63.6,0.04,0.48,-0.6304347826086956,-0.128,-0.6651709259195762,-0.057805834143905804,14.932227658294115
2026-04-19 17:25:51,168,-0.0566666666666666,0.3,166.76,52.05,15.0,-5.55,-0.094,0.3467,163.2,63.0,0.02,0.38,-0.6521739130434782,0.083,0.6532624052310438,0.044687670234713456,12.237178830731438
2026-04-19 17:25:51,169,-0.06,0.3,167.28,52.78,15.0,-4.17,-0.0886,0.3368,164.4,61.2,0.01,0.43,-0.6630434782608695,0.106,0.04547316584099689,1.0249175974205424,0.7011380334754798
2026-04-19 17:25:51,170,-0.0633333333333333,0.3,167.79,53.51,15.0,-5.39,-0.0862,0.3353,164.4,60.6,0.02,0.45,-0.6521739130434782,0.116,-0.028116326628562775,0.4214698357809938,1.561893882665898
2026-04-19 17:25:51,171,-0.0666666666666666,0.3,168.29,54.24,15.0,-4.32,-0.0823,0.3294,165.0,59.4,0.01,0.31,-0.6630434782608695,0.044,0.7354182346215113,0.788221485582915,-0.6067771760501849
2026-04-19 17:25:51,172,-0.07,0.3,168.79,54.98,15.0,-4.55,-0.0807,0.3251,165.6,58.8,0.02,0.3,-0.6521739130434782,0.042,0.2895209203431004,-0.7346209035963477,-0.48190928917907094
2026-04-19 17:25:51,173,-0.0733333333333333,0.3,169.28,55.71,15.0,-3.93,-0.0792,0.3208,166.2,58.2,0.01,0.2,-0.6630434782608695,0.008,4.709021548963046,3.214347864524043,-0.03351541806820465
2026-04-19 17:25:51,174,-0.0766666666666666,0.3,169.76,56.44,15.0,-4.14,-0.0792,0.3208,166.2,58.2,0.02,0.13,-0.6521739130434782,0.043,4.876106730369906,3.475989847157805,-0.03351541806820465
2026-04-19 17:25:51,175,-0.08,0.3,170.23,57.17,15.0,-3.72,-0.08,0.3181,166.8,58.2,0.01,0.12,-0.6630434782608695,0.047,-3.289436731229168,-1.7454262506499327,0.0845004887779607
2026-04-19 17:25:51,176,-0.0833333333333333,0.3,170.69,57.9,15.0,-3.26,-0.0808,0.3155,167.4,58.2,0.02,0.05,-0.6521739130434782,0.085,0.1794015897898315,1.1519639970401374,-0.1576884500121607
2026-04-19 17:25:51,177,-0.0866666666666666,0.3,171.14,58.62,15.0,-2.66,-0.0815,0.3128,168.0,58.2,0.02,0.04,-0.6521739130434782,0.087,-0.09388101975774438,0.174524151988202,-2.6348933991115278
2026-04-19 17:25:51,178,-0.09,0.3,171.59,59.35,15.0,-1.95,-0.0822,0.3101,168.6,58.2,0.02,0.02,-0.6521739130434782,0.099,1.9437759076387704,2.4723276384109147,-0.1449984197690424
2026-04-19 17:25:52,179,-0.0933333333333333,0.3,172.03,60.08,15.0,-1.1,-0.0829,0.3075,169.2,58.2,0.01,0.16,-0.6630434782608695,0.031,-1.49574956991784,-0.553529913277409,0.7249429504867597
2026-04-19 17:25:52,180,-0.0966666666666666,0.3,172.45,60.81,15.0,-1.11,-0.0859,0.3065,169.8,58.8,0.02,0.04,-0.6521739130434782,-0.088,9.902515054854979,6.155813601867128,-0.049616629414163636
2026-04-19 17:25:52,181,-0.1,0.3,172.88,61.53,15.0,-1.55,-0.0907,0.3097,169.8,60.0,0.01,0.08,-0.6630434782608695,-0.071,13.730423222320544,-3.993351232645663,-0.03134801520829393
2026-04-19 17:25:52,182,-0.1,0.3016666666666666,172.55,61.6,15.0,-2.67,-0.0962,0.3102,170.4,61.2,0.0,0.04,-0.6739130434782609,-0.09,-0.14064508011789556,0.8969556749483286,0.9599930630559451
2026-04-19 17:25:52,183,-0.1,0.3033333333333333,172.22,61.68,15.0,-2.6,-0.0986,0.3118,170.4,61.8,0.0,0.02,-0.6739130434782609,-0.1,-1.1276321096901907,2.0771122392000887,0.3199964381276312
2026-04-19 17:25:52,184,-0.1,0.305,171.89,61.76,15.0,-2.2,-0.0986,0.3118,170.4,61.8,0.0,0.02,-0.6739130434782609,-0.098,-1.1239964987923665,2.074150662938452,0.3199964381276312
2026-04-19 17:25:52,185,-0.1,0.3066666666666666,171.56,61.84,15.0,-2.19,-0.0986,0.3118,170.4,61.8,0.0,0.02,-0.6739130434782609,-0.097,-1.1221786933434545,2.0726698748076338,0.3199964381276312
2026-04-19 17:25:52,186,-0.1,0.3083333333333333,171.23,61.92,14.92,-2.11,-0.0986,0.3118,170.4,61.8,0.01,0.02,-0.6630434782608695,-0.097,-1.1069230229434708,2.0415564324508875,0.3199964381276312
2026-04-19 17:25:52,187,-0.1,0.31,170.91,62.0,14.76,-2.01,-0.0986,0.3118,170.4,61.8,0.01,0.02,-0.6630434782608695,-0.098,-1.1087408283923832,2.0430372205817062,0.3199964381276312
2026-04-19 17:25:52,188,-0.1,0.3116666666666666,170.58,62.08,14.56,-1.91,-0.0986,0.3118,170.4,61.8,0.02,0.02,-0.6521739130434782,-0.097,-1.0916673525434872,2.0104429900941416,0.3199964381276312
2026-04-19 17:25:52,189,-0.1,0.3133333333333333,170.26,62.17,15.0,-1.78,-0.098,0.3144,169.8,61.8,0.01,0.03,0.6630434782608695,-0.093,0.4038808914980545,-0.6046639679131284,1.0612314562305722
2026-04-19 17:25:52,190,-0.1,0.315,169.93,62.26,15.0,-1.64,-0.0973,0.3171,169.2,61.8,0.02,0.03,0.6521739130434782,-0.094,0.09431450241782624,-0.566453007102973,1.0507226929819649
2026-04-19 17:25:53,191,-0.1,0.3166666666666666,169.61,62.35,14.79,-2.43,-0.0997,0.3186,169.2,62.4,0.01,0.04,0.6630434782608695,-0.089,-0.9882791227318526,-0.5320263957140509,0.8397881175932264
2026-04-19 17:25:53,192,-0.1,0.3183333333333333,169.29,62.44,14.64,-1.87,-0.0997,0.3186,169.2,62.4,0.03,0.02,0.6413043478260869,-0.101,-0.9731577033301466,-0.5119679657590425,0.8397881175932264
2026-04-19 17:25:53,193,-0.1,0.32,168.97,62.53,15.0,-1.87,-0.099,0.3213,168.6,62.4,0.01,0.01,0.6630434782608695,-0.101,0.06381763232728696,0.00875427361913879,727.0430204117973
2026-04-19 17:25:53,194,-0.1,0.3216666666666666,168.64,62.62,15.0,-1.75,-0.0983,0.324,168.0,62.4,0.02,0.03,0.6521739130434782,-0.094,1.0097526840155222,0.5942428521316421,0.49891786174545216
2026-04-19 17:25:53,195,-0.1,0.3233333333333333,168.32,62.72,14.84,-1.63,-0.0983,0.324,168.0,62.4,0.01,0.03,0.6630434782608695,-0.094,1.0281484570856045,0.607096957267749,0.49891786174545216
2026-04-19 17:25:53,196,-0.1,0.325,168.0,62.81,14.68,-1.49,-0.0983,0.324,168.0,62.4,0.03,0.04,0.6413043478260869,-0.086,0.9993563747913478,0.5964528709133875,0.49891786174545216
2026-04-19 17:25:53,197,-0.1,0.3266666666666666,167.68,62.91,15.0,-2.27,-0.1,0.3281,167.4,63.0,0.01,0.03,0.6630434782608695,-0.091,1.7888666991046163,-2.117181964469458,-0.1830329577741599
2026-04-19 17:25:53,198,-0.1,0.3283333333333333,167.36,63.01,15.0,-2.66,-0.1017,0.3323,166.8,63.6,0.02,0.03,0.6521739130434782,-0.092,0.38766710245886626,-0.5703055033359276,-1.0629371274347617
2026-04-19 17:25:53,199,-0.1,0.33,167.05,63.11,14.88,-2.27,-0.1017,0.3323,166.8,63.6,0.01,0.02,0.6630434782608695,-0.098,0.39877925235212347,-0.5795834630615958,-1.0629371274347617
2026-04-19 17:25:53,200,-0.1,0.3316666666666666,166.73,63.21,14.71,-2.33,-0.1017,0.3323,166.8,63.6,0.02,0.02,0.6521739130434782,-0.097,0.39287348102484687,-0.5700512511009306,-1.0629371274347617
2026-04-19 17:25:53,201,-0.1,0.3333333333333333,166.41,63.32,15.0,-2.29,-0.1009,0.335,166.2,63.6,0.02,0.01,0.6521739130434782,-0.102,0.010424351358414083,0.18498204070186333,5.150856234459237
2026-04-19 17:25:53,202,-0.1,0.335,166.09,63.42,15.0,-2.25,-0.1,0.3376,165.6,63.6,0.01,0.02,0.6630434782608695,-0.1,0.3602544112763,0.8317609344102204,-0.45340759529749913
2026-04-19 17:25:54,203,-0.1,0.3366666666666666,165.77,63.53,14.89,-2.18,-0.1,0.3376,165.6,63.6,0.01,0.02,0.6630434782608695,-0.096,0.36632763894412324,0.8295459666706947,-0.45340759529749913
2026-04-19 17:25:54,204,-0.1,0.3383333333333333,165.46,63.64,14.71,-2.1,-0.1,0.3376,165.6,63.6,0.02,0.03,0.6521739130434782,-0.096,0.3579328011904858,0.8168183151801688,-0.45340759529749913
2026-04-19 17:25:54,205,-0.1,0.34,165.14,63.75,15.0,-1.99,-0.0992,0.3403,165.0,63.6,0.04,0.03,0.6304347826086956,-0.096,0.5751298548675859,3.5746336403539667,0.07243729856272313
2026-04-19 17:25:54,206,-0.1,0.3416666666666667,164.83,63.86,15.0,-1.87,-0.0983,0.3429,164.4,63.6,0.01,0.03,0.6630434782608695,-0.093,-0.7844686246877375,-0.4563147206052515,-0.4472438827900847
2026-04-19 17:25:54,207,-0.1,0.3433333333333333,164.51,63.97,14.89,-1.72,-0.0983,0.3429,164.4,63.6,0.02,0.04,0.6521739130434782,-0.09,-0.7712539304600438,-0.4458396436989965,-0.4472438827900847
2026-04-19 17:25:54,208,-0.1,0.345,164.19,64.09,14.69,-1.56,-0.0983,0.3429,164.4,63.6,0.01,0.04,0.6630434782608695,-0.089,-0.7835073925454453,-0.4481962774640824,-0.4472438827900847
2026-04-19 17:25:54,209,-0.1,0.3466666666666667,163.88,64.21,15.0,-2.32,-0.0999,0.347,163.8,64.2,0.02,0.04,0.6521739130434782,-0.089,0.8832324949974591,0.2753388144222841,2.926698871661906
2026-04-19 17:25:54,210,-0.1,0.3483333333333333,163.57,64.32,15.0,-2.67,-0.1014,0.3511,163.2,64.8,0.01,0.02,0.6630434782608695,-0.101,5.0780548515970105,2.889806733456016,0.10322167701971033
2026-04-19 17:25:54,211,-0.1,0.35,163.25,64.44,14.87,-2.24,-0.1014,0.3511,163.2,64.8,0.02,0.02,0.6521739130434782,-0.101,4.9805116319317,2.8322026552757666,0.10322167701971033
2026-04-19 17:25:54,212,-0.1,0.3516666666666667,162.94,64.56,14.66,-2.26,-0.1014,0.3511,163.2,64.8,0.01,0.02,0.6630434782608695,-0.098,5.1039582639134515,2.908342635501733,0.10322167701971033
2026-04-19 17:25:54,213,-0.1,0.3533333333333333,162.62,64.69,15.0,-2.18,-0.1004,0.3537,162.6,64.8,0.03,0.02,0.6413043478260869,-0.097,-6.0331909082728465,-5.500737387142787,-0.04649799132473526
2026-04-19 17:25:54,214,-0.1,0.355,162.31,64.81,15.0,-2.09,-0.0994,0.3563,162.0,64.8,0.01,0.03,0.6630434782608695,-0.091,0.08571785285836162,-0.14018536859430467,-2.365900672146167
2026-04-19 17:25:55,215,-0.1,0.3566666666666667,162.0,64.94,14.84,-1.98,-0.0994,0.3563,162.0,64.8,0.03,0.03,0.6413043478260869,-0.093,0.09165672900139672,-0.13360433806415006,-2.365900672146167
2026-04-19 17:25:55,216,-0.1,0.3583333333333333,161.68,65.06,14.62,-1.84,-0.0994,0.3563,162.0,64.8,0.01,0.03,0.6630434782608695,-0.093,0.08922908411126855,-0.13938884145515454,-2.365900672146167
2026-04-19 17:25:55,217,-0.1,0.36,161.37,65.19,15.0,-1.68,-0.0984,0.3589,161.4,64.8,0.04,0.04,0.6304347826086956,-0.089,-1.4086021544164649,-1.6665243396433882,-0.1334715611633425
2026-04-19 17:25:55,218,-0.1,0.3616666666666667,161.06,65.32,15.0,-1.5,-0.0974,0.3615,160.8,64.8,0.01,0.05,0.6630434782608695,-0.084,2.852350396239952,0.5715248624660177,0.27052595383899125
2026-04-19 17:25:55,219,-0.1,0.3633333333333333,160.74,65.45,14.78,-2.24,-0.0999,0.363,160.8,65.4,0.01,0.04,0.6630434782608695,-0.089,18.976097312105157,0.15214927817669166,0.11785741990194121
2026-04-19 17:25:55,220,-0.1,0.365,160.43,65.59,14.57,-1.63,-0.0999,0.363,160.8,65.4,0.01,0.03,0.6630434782608695,-0.093,18.98445586369564,0.15103042360036031,0.11785741990194121
2026-04-19 17:25:55,221,-0.1,0.3666666666666667,160.12,65.72,15.0,-2.51,-0.1013,0.367,160.2,66.0,0.05,0.04,0.6195652173913042,-0.089,0.05904193054309627,1.010840545147135,-0.6455267531185047
2026-04-19 17:25:55,222,-0.1,0.3683333333333333,159.8,65.86,14.42,-1.93,-0.1013,0.367,160.2,66.0,0.01,0.03,0.6630434782608695,-0.094,0.06450606912230943,1.084141915043497,-0.6455267531185047
2026-04-19 17:25:55,223,-0.1,0.37,159.49,65.99,15.0,-1.92,-0.1002,0.3695,159.6,66.0,0.02,0.03,0.6521739130434782,-0.092,0.4864672902445974,0.07050472452500306,14.54408377739
2026-04-19 17:25:55,224,-0.1,0.3716666666666667,159.18,66.13,15.0,-1.78,-0.0991,0.3721,159.0,66.0,0.02,0.03,0.6521739130434782,-0.093,-1.7394276506985744,-0.6221972036310623,-0.6300264618916127
2026-04-19 17:25:55,225,-0.1,0.3733333333333333,158.87,66.27,14.65,-1.64,-0.0991,0.3721,159.0,66.0,0.02,0.03,0.6521739130434782,-0.092,-1.7399912325652995,-0.6218036867486216,-0.6300264618916127
2026-04-19 17:25:56,226,-0.1,0.375,158.55,66.42,14.42,-1.46,-0.0991,0.3721,159.0,66.0,0.02,0.04,0.6521739130434782,-0.088,-1.7422455600322004,-0.6202296192188586,-0.6300264618916127
2026-04-19 17:25:56,227,-0.1,0.3766666666666667,158.24,66.56,15.0,-2.21,-0.1005,0.3761,158.4,66.6,0.02,0.03,0.6521739130434782,-0.094,-0.37724379019153786,-0.3141640913159037,-0.4973688512149654
2026-04-19 17:25:56,228,-0.1,0.3783333333333333,157.93,66.71,14.27,-1.6,-0.1005,0.3761,158.4,66.6,0.01,0.02,0.6630434782608695,-0.1,-0.3721350135104087,-0.325319226024037,-0.4973688512149654
2026-04-19 17:25:56,229,-0.1,0.38,157.62,66.85,14.94,-1.54,-0.0993,0.3786,157.8,66.6,0.02,0.02,0.6521739130434782,-0.101,0.1293461286906887,-0.4780530911130309,1.1394932054108566
2026-04-19 17:25:56,230,-0.1,0.3816666666666667,157.3,67.0,14.13,-2.29,-0.1018,0.38,157.8,67.2,0.02,0.04,0.6521739130434782,-0.088,0.008584401010746416,-0.7405416940767903,1.0504576721644159
2026-04-19 17:25:56,231,-0.1,0.3833333333333333,156.99,67.15,14.8,-1.71,-0.1006,0.3825,157.2,67.2,0.08,0.04,0.5869565217391305,-0.091,-0.03376381835735124,-0.5514378209392244,1.179374913074127
2026-04-19 17:25:56,232,-0.1,0.385,156.68,67.3,13.99,-1.66,-0.1006,0.3825,157.2,67.2,0.02,0.02,0.6521739130434782,-0.101,-0.03741463949530246,-0.6127016004131769,1.179374913074127
2026-04-19 17:25:56,233,-0.1,0.3866666666666667,156.36,67.46,14.65,-1.5,-0.0994,0.3851,156.6,67.2,0.08,0.03,0.5869565217391305,-0.093,-0.1197774653810277,-0.6385972481852659,0.8112097735482696
2026-04-19 17:25:56,234,-0.1,0.3883333333333333,156.05,67.61,14.78,-1.31,-0.0982,0.3876,156.0,67.2,0.03,0.03,0.6413043478260869,-0.092,0.07863222280709911,-1.2375333714783863,0.09157135192301434
2026-04-19 17:25:56,235,-0.1,0.39,155.74,67.77,14.11,-1.11,-0.0982,0.3876,156.0,67.2,0.01,0.06,0.6630434782608695,-0.076,0.19133218367314103,-1.3084432205041958,0.09157135192301434
2026-04-19 17:25:56,236,-0.1,0.3916666666666666,155.42,67.93,13.85,-1.81,-0.1007,0.3889,156.0,67.8,0.01,0.04,0.6630434782608695,-0.091,-0.6232702945166352,-1.2434747570889935,0.5289428361855893
2026-04-19 17:25:56,237,-0.1,0.3933333333333333,155.11,68.09,14.41,-1.16,-0.0994,0.3915,155.4,67.8,0.02,0.02,0.6521739130434782,-0.1,1.3765045631965265,7.031840630367044,-0.14596319418112244
2026-04-19 17:25:57,238,-0.1,0.395,154.79,68.25,13.6,-1.05,-0.0994,0.3915,155.4,67.8,0.02,0.02,0.6521739130434782,-0.101,1.37699898012593,7.037612301781448,-0.14596319418112244
2026-04-19 17:25:57,239,-0.1,0.3966666666666667,154.48,68.41,14.25,-1.77,-0.1006,0.3953,154.8,68.4,0.0,0.05,0.6739130434782609,-0.086,0.0019846473900996687,0.061191046937030924,731.6606750789272
2026-04-19 17:25:57,240,-0.1,0.3983333333333333,154.16,68.58,13.42,-1.13,-0.1006,0.3953,154.8,68.4,0.08,0.04,0.5869565217391305,-0.088,0.0019528713989318974,0.05413312116762184,731.6606750789272
2026-04-19 17:25:57,241,-0.1,0.4,153.85,68.75,14.06,-1.04,-0.0993,0.3978,154.2,68.4,0.01,0.02,0.6630434782608695,-0.1,0.02628597881841532,0.26815079385202883,-2.702872222735527
2026-04-19 17:25:57,242,-0.0983333333333333,0.4,153.69,68.43,13.47,-1.57,-0.0993,0.3978,154.2,68.4,0.05,0.04,0.6195652173913042,-0.09,0.027656017667785436,0.24999909230135006,-2.702872222735527
2026-04-19 17:25:57,243,-0.0966666666666666,0.4,153.53,68.12,14.25,-1.79,-0.098,0.4003,153.6,68.4,0.01,0.04,0.6630434782608695,-0.087,-1.0978020722772652,-0.8243898009719667,0.2799278131589768
2026-04-19 17:25:57,244,-0.095,0.4,153.36,67.81,14.54,-3.07,-0.0992,0.404,153.0,69.0,0.0,0.02,0.6739130434782609,-0.097,-0.535006901674474,0.3280088656517503,0.27736946346144925
2026-04-19 17:25:57,245,-0.0933333333333333,0.4,153.2,67.49,14.05,-3.07,-0.0992,0.404,153.0,69.0,0.0,0.02,0.6739130434782609,-0.098,-0.5330585833843444,0.3313557247485892,0.27736946346144925
2026-04-19 17:25:57,246,-0.0916666666666666,0.4,153.03,67.18,14.01,-3.67,-0.0992,0.404,153.0,69.0,0.0,0.05,0.6739130434782609,-0.085,-0.5583867211560284,0.28784655648968366,0.27736946346144925
2026-04-19 17:25:57,247,-0.09,0.4,152.86,66.87,13.85,-4.24,-0.0992,0.404,153.0,69.0,0.02,0.05,0.6521739130434782,-0.084,-0.5369804015165759,0.2843911963199939,0.27736946346144925
2026-04-19 17:25:57,248,-0.0883333333333333,0.4,152.69,66.56,14.62,-4.88,-0.0978,0.4065,152.4,69.0,0.02,0.09,0.6521739130434782,-0.065,-0.662634325808606,-0.2883770981025325,-0.5128638756262772
2026-04-19 17:25:57,249,-0.0866666666666666,0.4,152.52,66.25,14.03,-5.56,-0.0978,0.4065,152.4,69.0,0.01,0.07,0.6630434782608695,-0.072,-0.678346152153638,-0.30656926042234467,-0.5128638756262772
2026-04-19 17:25:58,250,-0.085,0.4,152.35,65.94,13.98,-5.36,-0.0953,0.4053,152.4,68.4,0.02,0.09,0.6521739130434782,0.062,-0.3528640660541974,1.0324865002534311,-0.22512549251361247
2026-04-19 17:25:58,251,-0.0833333333333333,0.4,152.18,65.63,14.75,-5.59,-0.0914,0.4064,151.8,67.8,0.01,0.13,0.6630434782608695,0.042,0.22428905904592328,-1.6069706663070145,0.44236442188280606
2026-04-19 17:25:58,252,-0.0816666666666666,0.4,152.0,65.32,14.18,-6.64,-0.0914,0.4064,151.8,67.8,0.0,0.1,0.6739130434782609,0.058,0.24510415401001814,-1.6537828003745063,0.44236442188280606
2026-04-19 17:25:58,253,-0.08,0.4,151.82,65.01,14.13,-6.31,-0.0889,0.4051,151.8,67.2,0.0,0.15,0.6739130434782609,0.034,0.1366092390201448,-0.8901226396759171,0.9148322316917932
2026-04-19 17:25:58,254,-0.0783333333333333,0.4,151.64,64.7,14.92,-7.44,-0.0875,0.4076,151.2,67.2,0.02,0.14,0.6521739130434782,0.041,0.10465200633208596,-0.6536799006319471,1.1843067787347084
2026-04-19 17:25:58,255,-0.0766666666666666,0.4,151.47,64.39,14.34,-7.13,-0.085,0.4062,151.2,66.6,0.01,0.17,0.6630434782608695,0.024,0.34915604719670457,-0.6295068089422649,0.8319614781674421
2026-04-19 17:25:58,256,-0.075,0.4,151.28,64.09,14.32,-7.34,-0.0826,0.4048,151.2,66.0,0.01,0.16,0.6630434782608695,0.028,-0.5900397221525177,-0.13526729805933907,-0.7380869625795786
2026-04-19 17:25:58,257,-0.0733333333333333,0.4,151.1,63.78,15.0,-8.33,-0.0811,0.4073,150.6,66.0,0.01,0.13,0.6630434782608695,0.044,0.04840612791731489,-0.1766596589385687,11.451514209009671
2026-04-19 17:25:58,258,-0.0716666666666666,0.4,150.92,63.47,14.49,-7.97,-0.0787,0.4059,150.6,65.4,0.0,0.2,0.6739130434782609,0.01,1.9627071434991852,0.5440821294940571,0.23471682867149773
2026-04-19 17:25:58,259,-0.07,0.4,150.73,63.17,14.46,-8.12,-0.0763,0.4045,150.6,64.8,0.0,0.19,0.6739130434782609,0.016,5.447431565172684,3.2111403007772474,0.1171998601263029
2026-04-19 17:25:58,260,-0.0683333333333333,0.4,150.55,62.86,14.3,-8.11,-0.0738,0.4031,150.6,64.2,0.01,0.18,0.6630434782608695,0.018,1.2538307947352356,0.2534430718071722,2.036691918761989
2026-04-19 17:25:58,261,-0.0666666666666666,0.4,150.36,62.55,14.13,-9.03,-0.0738,0.4031,150.6,64.2,0.01,0.18,0.6630434782608695,0.021,1.2549448016234372,0.25444718257857296,2.036691918761989
2026-04-19 17:25:59,262,-0.065,0.4,150.17,62.25,14.87,-8.55,-0.07,0.404,150.0,63.6,0.01,0.18,0.6630434782608695,0.018,0.9589034648529341,0.11108269137749666,4.810275439460716
2026-04-19 17:25:59,263,-0.0633333333333333,0.4,149.98,61.95,14.24,-8.61,-0.0676,0.4026,150.0,63.0,0.02,0.24,0.6521739130434782,0.012,0.6287613887683966,0.043052136433066046,14.958246205289306
2026-04-19 17:25:59,264,-0.0616666666666666,0.4,149.78,61.64,15.0,-9.45,-0.0661,0.405,149.4,63.0,0.0,0.26,0.6739130434782609,0.019,1.096192877215255,0.23676689951842206,1.9716704338271114
2026-04-19 17:25:59,265,-0.06,0.4,149.59,61.34,14.45,-8.94,-0.0637,0.4035,149.4,62.4,0.02,0.38,0.6521739130434782,0.081,0.6254061718180747,0.18824348431810758,3.5964735690438348
2026-04-19 17:25:59,266,-0.0583333333333333,0.4,149.4,61.04,14.4,-9.89,-0.0637,0.4035,149.4,62.4,0.0,0.31,0.6739130434782609,0.043,0.6370912628191008,0.17995962658282846,3.5964735690438348
2026-04-19 17:25:59,267,-0.0566666666666666,0.4,149.2,60.73,14.2,-9.34,-0.0614,0.402,149.4,61.8,0.01,0.28,0.6630434782608695,0.03,-0.9059374396373627,-1.5079211814673799,0.7174825732998804
2026-04-19 17:25:59,268,-0.055,0.4,149.0,60.43,14.0,-10.29,-0.0614,0.402,149.4,61.8,0.02,0.3,0.6521739130434782,0.041,-0.8861848089382183,-1.486765692847659,0.7174825732998804
2026-04-19 17:25:59,269,-0.0533333333333333,0.4,148.8,60.13,14.7,-9.76,-0.0575,0.4028,148.8,61.2,0.04,0.3,0.6304347826086956,0.041,0.021291474539762784,1.3728998463223845,1.730079959624016
2026-04-19 17:25:59,270,-0.0516666666666666,0.4,148.6,59.83,14.04,-9.76,-0.0552,0.4013,148.8,60.6,0.01,0.28,0.6630434782608695,0.029,-0.9015686706519797,1.6420320509133117,-0.46578794758933967
2026-04-19 17:25:59,271,-0.05,0.4,148.4,59.53,14.86,-10.55,-0.0537,0.4036,148.2,60.6,0.02,0.28,0.6521739130434782,0.032,-0.06730120262972011,-0.06039222028190552,171.56201090185573
2026-04-19 17:25:59,272,-0.0483333333333333,0.4,148.2,59.23,14.21,-9.99,-0.0513,0.4021,148.2,60.0,0.01,0.32,0.6630434782608695,0.052,-1.0277058463827569,0.42858226498540075,-1.4074435919581352
2026-04-19 17:25:59,273,-0.0466666666666666,0.4,147.99,58.93,14.11,-9.93,-0.049,0.4004,148.2,59.4,0.02,0.33,0.6521739130434782,0.055,-6.396506934213201,0.3168889986552319,-0.3924952215897939
2026-04-19 17:26:00,274,-0.045,0.4,147.79,58.63,13.88,-9.73,-0.0467,0.3988,148.2,58.8,0.01,0.32,0.6630434782608695,0.053,5.148122599183144,0.422692912368894,0.2929429970093311
2026-04-19 17:26:00,275,-0.0433333333333333,0.4,147.58,58.34,14.58,-10.44,-0.0452,0.4012,147.6,58.8,0.03,0.28,0.6413043478260869,0.032,-1.9181373647819295,-0.008077676532065984,-0.7632123719918763
2026-04-19 17:26:00,276,-0.0416666666666666,0.4,147.37,58.04,13.9,-9.76,-0.0429,0.3995,147.6,58.2,0.01,0.25,0.6630434782608695,0.018,0.0,0.0,0.0016237532858383837
2026-04-19 17:26:00,277,-0.04,0.4,147.16,57.74,14.71,-9.61,-0.039,0.4002,147.0,57.6,0.04,0.29,0.6304347826086956,0.035,0.04515680085011072,0.0010787588175862235,-438.66822722775305
2026-04-19 17:26:00,278,-0.0383333333333333,0.4,146.95,57.45,14.05,-10.24,-0.039,0.4002,147.0,57.6,0.03,0.33,0.6413043478260869,0.053,0.06815047431673657,0.0010743976812398292,-438.66822722775305
2026-04-19 17:26:00,279,-0.0366666666666666,0.4,146.74,57.15,13.94,-10.46,-0.039,0.4002,147.0,57.6,0.04,0.39,0.6304347826086956,0.084,0.10772898791700394,0.0010140873294215275,-438.66822722775305
2026-04-19 17:26:00,280,-0.035,0.4,146.53,56.85,13.69,-10.81,-0.039,0.4002,147.0,57.6,0.04,0.53,0.6304347826086956,0.153,0.1958408431744658,0.0009230193154753227,-438.66822722775305
2026-04-19 17:26:00,281,-0.0333333333333333,0.4,146.31,56.56,13.42,-11.2,-0.039,0.4002,147.0,57.6,0.1,0.55,0.5652173913043478,0.163,0.20856284469906577,0.0007934466314427896,-438.66822722775305
2026-04-19 17:26:00,282,-0.0316666666666666,0.4,146.1,56.27,13.11,-11.64,-0.039,0.4002,147.0,57.6,0.1,0.65,0.5652173913043478,0.214,0.27368899858501583,0.0007261354906999427,-438.66822722775305
2026-04-19 17:26:00,283,-0.03,0.4,145.88,55.97,13.71,-12.11,-0.0375,0.4026,146.4,57.6,0.16,0.64,0.49999999999999994,0.212,-2.5161834114930848,-1.2471650511708123,0.06636029068055554
2026-04-19 17:26:00,284,-0.0283333333333333,0.4,145.66,55.68,12.94,-12.65,-0.0375,0.4026,146.4,57.6,0.2,0.77,0.45652173913043476,0.273,-2.7623872306421378,-1.6070625876536786,0.06636029068055554
2026-04-19 17:26:00,285,-0.0266666666666666,0.4,145.44,55.39,12.7,-13.24,-0.0375,0.4026,146.4,57.6,0.14,0.87,0.5217391304347826,0.324,-3.227260642332652,-1.9073948354232355,0.06636029068055554
2026-04-19 17:26:01,286,-0.0249999999999999,0.4,145.22,55.1,13.27,-13.88,-0.0359,0.405,145.8,57.6,0.11,0.87,0.5543478260869565,0.326,-0.29186201088103997,2.084183806326072,-0.0893392791406142
2026-04-19 17:26:01,287,-0.0233333333333333,0.4,145.0,54.8,14.4,-14.56,-0.0327,0.4096,144.6,57.6,0.03,0.57,0.6413043478260869,0.174,0.8003563035393577,0.11487204592352128,7.940009592606693
2026-04-19 17:26:01,288,-0.0216666666666666,0.4,144.77,54.51,13.36,-13.4,-0.0282,0.4062,144.6,56.4,0.01,0.48,0.6630434782608695,0.128,-6.344057415056391,1.8485405534782637,-0.1476865751428741
2026-04-19 17:26:01,289,-0.0199999999999999,0.4,144.55,54.22,13.35,-11.14,-0.0193,0.3991,144.6,54.0,0.01,0.29,0.6630434782608695,0.036,0.5022881146338929,-0.6539348066457411,0.5829608953686557
2026-04-19 17:26:01,290,-0.0183333333333333,0.4,144.32,53.94,13.12,-9.39,-0.0107,0.3917,144.6,51.6,0.02,0.16,0.6521739130434782,0.028,1.2858717177260228,0.27291639700489667,2.221995647178247
2026-04-19 17:26:01,291,-0.0166666666666666,0.4,144.1,53.65,13.82,-9.92,-0.007,0.3922,144.0,51.0,0.01,0.13,0.6630434782608695,0.044,0.8848426090564979,0.0747827518351391,8.004310921075922
2026-04-19 17:26:01,292,-0.015,0.4,143.87,53.36,13.14,-8.98,-0.0049,0.3902,144.0,50.4,0.0,0.14,0.6739130434782609,0.04,0.19855104841098825,0.012456335230273266,195.61194699438943
2026-04-19 17:26:01,293,-0.0133333333333333,0.4,143.64,53.07,13.0,-9.18,-0.0049,0.3902,144.0,50.4,0.0,0.13,0.6739130434782609,0.044,0.1985854861189819,0.012527901605163034,195.61194699438943
2026-04-19 17:26:01,294,-0.0116666666666666,0.4,143.41,52.78,13.67,-7.96,-0.0011,0.3906,143.4,49.8,0.02,0.11,0.6521739130434782,0.054,0.12732770841313473,0.024901438472872357,155.50512954054236
2026-04-19 17:26:01,295,-0.0099999999999999,0.4,143.18,52.5,12.98,-8.21,-0.0011,0.3906,143.4,49.8,0.02,0.14,0.6521739130434782,0.039,0.1271257738094552,0.02436787783145334,155.50512954054236
2026-04-19 17:26:01,296,-0.0083333333333333,0.4,142.95,52.21,13.77,-7.92,0.0005,0.3929,142.8,49.8,0.05,0.11,0.6195652173913042,0.054,1.774461867860555,2.3385040092454723,0.17382127484643797
2026-04-19 17:26:02,297,-0.0066666666666666,0.4,142.71,51.93,13.08,-7.77,0.0005,0.3929,142.8,49.8,0.02,0.11,0.6521739130434782,0.056,1.8658327734724482,2.4572271269820956,0.17382127484643797
2026-04-19 17:26:02,298,-0.005,0.4,142.48,51.64,12.95,-6.72,0.0026,0.3909,142.8,49.2,0.04,0.08,0.6304347826086956,0.071,5.477408556607876,23.459030445888526,-0.08070595448471789
2026-04-19 17:26:02,299,-0.0033333333333333,0.4,142.24,51.36,13.61,-7.04,0.0043,0.3932,142.2,49.2,0.02,0.07,0.6521739130434782,0.075,0.04509049059681151,0.15758447426463348,-10.190453636572006
2026-04-19 17:26:02,300,-0.0016666666666666,0.4,142.0,51.08,12.93,-6.83,0.0043,0.3932,142.2,49.2,0.01,0.07,0.6630434782608695,0.075,0.0454285416980959,0.1605400808385849,-10.190453636572006
